1,St Just,Cornwall,England,50.124,-5.679
2,Penzance,Cornwall,England,50.119,-5.538
3,Marazion,Cornwall,England,50.125,-5.464
4,Hayle,Cornwall,England,50.185,-5.421
5,St Ives,Cornwall,England,50.208,-5.491
6,Camborne,Cornwall,England,50.213,-5.295
7,Redruth,Cornwall,England,50.233,-5.227
8,Penryn,Cornwall,England,50.169,-5.107
9,Falmouth,Cornwall,England,50.153,-5.066
10,Helston,Cornwall,England,50.102,-5.275
11,Truro,Cornwall,England,50.263,-5.051
12,Mevagissey,Cornwall,England,50.27,-4.788
13,St Austell,Cornwall,England,50.34,-4.783
14,St Blazey,Cornwall,England,50.363,-4.717
15,Lostwithal,Cornwall,England,50.406,-4.675
16,Fowey,Cornwall,England,50.335,-4.637
17,Looe,Cornwall,England,50.356,-4.455
18,Torpoint,Cornwall,England,50.375,-4.194
19,Saltash,Cornwall,England,50.409,-4.216
20,Callington,Cornwall,England,50.502,-4.316
21,Liskeard,Cornwall,England,50.456,-4.465
22,Bodmin,Cornwall,England,50.471,-4.719
23,Newquay,Cornwall,England,50.415,-5.074
24,Padstow,Cornwall,England,50.542,-4.939
25,Wadebridge,Cornwall,England,50.517,-4.836
26,St Columb Major,Cornwall,England,50.432,-4.942
27,Camelford,Cornwall,England,50.622,-4.682
28,Launceton,Cornwall,England,50.637,-4.36
29,Bude,Cornwall,England,50.827,-4.544
30,Hugh Town,Cornwall,England,49.915,-6.311
31,Plymouth,Devon,England,50.375,-4.143
32,Plympton,Devon,England,50.387,-4.036
33,Ivybridge,Devon,England,50.39,-3.92
34,Modbury,Devon,England,50.349,-3.891
35,Kingsbridge,Devon,England,50.284,-3.777
36,Salcombe,Devon,England,50.238,-3.77
37,Dartmouth,Devon,England,50.353,-3.579
38,Brixham,Devon,England,50.395,-3.514
39,Torquay,Devon,England,50.462,-3.525
40,Totnes,Devon,England,50.434,-3.686
41,South Brent,Devon,England,50.43,-3.837
42,Buckfastleigh,Devon,England,50.482,-3.779
43,Ashburton,Devon,England,50.516,-3.751
44,Newton Abbot,Devon,England,50.529,-3.608
45,Teignmouth,Devon,England,50.547,-3.497
46,Princetown,Devon,England,50.544,-3.99
47,Tavistock,Devon,England,50.551,-4.142
48,Exmouth,Devon,England,50.62,-3.414
49,Exeter,Devon,England,50.718,-3.534
50,Topsham,Devon,England,50.685,-3.467
51,Bovey Tracey,Devon,England,50.594,-3.673
52,Chudleigh,Devon,England,50.607,-3.601
53,Moretonhampstead,Devon,England,50.66,-3.768
54,Chagford,Devon,England,50.673,-3.84
55,Okehampton,Devon,England,50.738,-4.004
56,Hatherleigh,Devon,England,50.819,-4.072
57,Holsworthy,Devon,England,50.809,-4.354
58,Great Torrington,Devon,England,50.955,-4.136
59,Chulmleigh,Devon,England,50.914,-3.869
60,North Tawton,Devon,England,50.801,-3.897
61,Crediton,Devon,England,50.793,-3.651
62,Tiverton,Devon,England,50.902,-3.491
63,Cullompton,Devon,England,50.855,-3.392
64,Ottery St Mary,Devon,England,50.751,-3.279
65,Cranbrook,Devon,England,50.748,-3.415
66,Budleigh Salterton,Devon,England,50.631,-3.32
67,Hartland,Devon,England,50.99,-4.479
68,Bideford,Devon,England,51.017,-4.207
69,Northam,Devon,England,51.04,-4.213
70,Appledore,Devon,England,51.054,-4.193
71,Barnstaple,Devon,England,51.078,-4.058
72,Braunton,Devon,England,51.108,-4.161
73,Ilfracombe,Devon,England,51.205,-4.127
74,Lynton,Devon,England,51.23,-3.84
75,South Molton,Devon,England,51.017,-3.832
76,Sidford,Devon,England,50.703,-3.229
77,Axminster,Devon,England,50.783,-2.995
78,Lyme Regis,Dorset,England,50.725,-2.937
79,Bridport,Dorset,England,50.734,-2.758
80,Beaminster,Dorset,England,50.81,-2.743
81,Sherborne,Dorset,England,50.948,-2.514
82,Stalbridge,Dorset,England,50.959,-2.379
83,Weymouth,Dorset,England,50.61,-2.455
84,Chickerell,Dorset,England,50.625,-2.504
85,Dorchester,Dorset,England,50.711,-2.441
86,Bere Regis,Dorset,England,50.754,-2.22
87,Wareham,Dorset,England,50.688,-2.111
88,Swanage,Dorset,England,50.608,-1.961
89,Poole,Dorset,England,50.715,-1.987
90,Wimborne Minster,Dorset,England,50.8,-1.983
91,Ferndown,Dorset,England,50.807,-1.9
92,West Moors,Dorset,England,50.825,-1.889
93,Verwood,Dorset,England,50.879,-1.865
94,Blandford Forum,Dorset,England,50.857,-2.165
95,Sturminster Newton,Dorset,England,50.925,-2.305
96,Gillingham,Dorset,England,51.037,-2.278
97,Minehead,Somerset,England,51.204,-3.481
98,Watchet,Somerset,England,51.182,-3.329
99,Dulverton,Somerset,England,51.04,-3.55
100,Wiveliscombe,Somerset,England,51.044,-3.314
101,Wellington,Somerset,England,50.979,-3.224
102,Taunton,Somerset,England,51.015,-3.107
103,Bridgwater,Somerset,England,51.128,-3.004
104,Highbridge,Somerset,England,51.225,-2.978
105,Langport,Somerset,England,51.038,-2.829
106,Somerton,Somerset,England,51.055,-2.734
107,Street,Somerset,England,51.125,-2.743
108,Glastonbury,Somerset,England,51.147,-2.718
109,Burnham on Sea,Somerset,England,51.24,-2.994
110,Shepton Mallet,Somerset,England,51.191,-2.548
111,Castle Cary,Somerset,England,51.089,-2.513
112,Yeovil,Somerset,England,50.942,-2.633
113,Bruton,Somerset,England,51.113,-2.453
114,Wincanton,Somerset,England,51.056,-2.416
115,Crewkerne,Somerset,England,50.883,-2.796
116,Ilminster,Somerset,England,50.928,-2.911
117,Chard,Somerset,England,50.87,-2.963
118,Wells,Somerset,England,51.209,-2.645
119,Frome,Somerset,England,51.231,-2.32
120,Midsomer Norton,Somerset,England,51.285,-2.486
121,Radstock,Somerset,England,51.292,-2.446
122,Bath,Somerset,England,51.381,-2.359
123,Keynsham,Somerset,England,51.415,-2.503
124,Nailsea,Somerset,England,51.432,-2.756
125,Weston super Mare,Somerset,England,51.347,-2.977
126,Axbridge,Somerset,England,51.284,-2.819
127,Mere,Wiltshire,England,51.09,-2.267
128,Warminster,Wiltshire,England,51.205,-2.181
129,Westbury,Wiltshire,England,51.257,-2.186
130,Trowbridge,Wiltshire,England,51.32,-2.209
131,Amesbury,Wiltshire,England,51.168,-1.763
132,Tidworth,Wiltshire,England,51.241,-1.664
133,Ludgershall,Wiltshire,England,51.255,-1.621
134,Wilton,Wiltshire,England,51.079,-1.863
135,Salisbury,Wiltshire,England,51.069,-1.794
136,Bradford on Avon,Wiltshire,England,51.345,-2.253
137,Corsham,Wiltshire,England,51.431,-2.19
138,Chippenham,Wiltshire,England,51.462,-2.12
139,Calne,Wiltshire,England,51.439,-2.004
140,Devizes,Wiltshire,England,51.349,-1.995
141,Melksham,Wiltshire,England,51.37,-2.138
142,Marlborough,Wiltshire,England,51.42,-1.727
143,Royal Wootton Basset,Wiltshire,England,51.541,-1.902
144,Swindon,Wiltshire,England,51.556,-1.78
145,Highworth,Wiltshire,England,51.633,-1.71
146,Cricklade,Wiltshire,England,51.638,-1.856
147,Malmesbury,Wiltshire,England,51.586,-2.103
148,Yarmouth,Isle of Wight,England,50.705,-1.499
149,Newport,Isle of Wight,England,50.701,-1.292
150,Ryde,Isle of Wight,England,50.73,-1.163
151,Brading,Isle of Wight,England,50.68,-1.145
152,Sandown,Isle of Wight,England,50.659,-1.149
153,Shanklin,Isle of Wight,England,50.635,-1.175
154,Christchurch,Hampshire,England,50.736,-1.779
155,Bournemouth,Hampshire,England,50.719,-1.881
156,New Milton,Hampshire,England,50.753,-1.655
157,Ringwood,Hampshire,England,50.845,-1.789
158,Fordingbridge,Hampshire,England,50.926,-1.793
159,Lyndhurst,Hampshire,England,50.873,-1.577
160,Totton,Hampshire,England,50.914,-1.499
161,Hythe,Hampshire,England,50.87,-1.4
162,Lymington,Hampshire,England,50.759,-1.542
163,Romsey,Hampshire,England,50.989,-1.497
164,Southampton,Hampshire,England,50.91,-1.404
165,Chandler's Ford,Hampshire,England,50.984,-1.379
166,Eastleigh,Hampshire,England,50.967,-1.375
167,Hedge End,Hampshire,England,50.914,-1.304
168,Bishop's Waltham,Hampshire,England,50.955,-1.218
169,Fareham,Hampshire,England,50.855,-1.187
170,Stubbington,Hampshire,England,50.825,-1.213
171,Lee on the Solent,Hampshire,England,50.802,-1.202
172,Gosport,Hampshire,England,50.795,-1.118
173,Portsmouth,Hampshire,England,50.82,-1.088
174,Waterlooville,Hampshire,England,50.89,-1.029
175,Havant,Hampshire,England,50.852,-0.985
176,Mengham,Hampshire,England,50.786,-0.971
177,Emsworth,Hampshire,England,50.848,-0.938
178,Petersfield,Hampshire,England,51.008,-0.939
179,Winchester,Hampshire,England,51.06,-1.31
180,New Alresford,Hampshire,England,51.086,-1.166
181,Stockbridge,Hampshire,England,51.117,-1.484
182,Bordon,Hampshire,England,51.116,-0.862
183,Andover,Hampshire,England,51.211,-1.492
184,Whitchurch,Hampshire,England,51.23,-1.335
185,Basingstoke,Hampshire,England,51.267,-1.092
186,Hook,Hampshire,England,51.281,-0.963
187,Fleet,Hampshire,England,51.277,-0.843
188,Yateley,Hampshire,England,51.343,-0.826
189,Blackwater,Hampshire,England,51.33,-0.784
190,Farnborough,Hampshire,England,51.287,-0.753
191,Aldershot,Hampshire,England,51.248,-0.756
192,Alton,Hampshire,England,51.151,-0.973
193,Abingdon,Berkshire,England,51.671,-1.288
194,Didcot,Berkshire,England,51.608,-1.245
195,Wantage,Berkshire,England,51.589,-1.426
196,Faringdon,Berkshire,England,51.658,-1.585
197,Wallingford,Berkshire,England,51.597,-1.134
198,Reading,Berkshire,England,51.454,-0.978
199,Thatcham,Berkshire,England,51.406,-1.266
200,Newbury,Berkshire,England,51.401,-1.323
201,Wokingham,Berkshire,England,51.41,-0.834
202,Bracknell,Berkshire,England,51.416,-0.754
203,Ascot,Berkshire,England,51.406,-0.676
204,Windsor,Berkshire,England,51.482,-0.614
205,Maidenhead,Berkshire,England,51.522,-0.722
206,Chichester,Sussex,England,50.838,-0.775
207,Bognor Regis,Sussex,England,50.783,-0.673
208,Felpham,Sussex,England,50.797,-0.65
209,Littlehampton,Sussex,England,50.811,-0.539
210,Arundel,Sussex,England,50.855,-0.555
211,Petworth,Sussex,England,50.987,-0.611
212,Midhurst,Sussex,England,50.987,-0.737
213,Billingshurst,Sussex,England,51.023,-0.451
214,Horsham,Sussex,England,51.063,-0.326
215,Crawley,Sussex,England,51.109,-0.187
216,East Grinstead,Sussex,England,51.129,-0.014
217,Crowborough,Sussex,England,51.061,0.166
218,Uckfield,Sussex,England,50.966,0.096
219,Haywards Heath,Sussex,England,50.999,-0.106
220,Burgess Hill,Sussex,England,50.954,-0.129
221,Steyning,Sussex,England,50.887,-0.327
222,Worthing,Sussex,England,50.818,-0.373
223,Shareham by Sea,Sussex,England,50.834,-0.272
224,Portslade by Sea,Sussex,England,50.843,-0.214
225,Hove,Sussex,England,50.828,-0.169
226,Brighton,Sussex,England,50.823,-0.137
227,Peacehaven,Sussex,England,50.793,-0.005
228,Newhaven,Sussex,England,50.793,0.046
229,Seaford,Sussex,England,50.773,0.101
230,Lewes,Sussex,England,50.874,0.009
231,Polegate,Sussex,England,50.824,0.244
232,Hailsham,Sussex,England,50.865,0.255
233,Heathfield,Sussex,England,50.967,0.256
234,Robertsbridge,Sussex,England,50.986,0.473
235,Rye,Sussex,England,50.95,0.737
236,Winchelsea,Sussex,England,50.925,0.71
237,St Leonards,Sussex,England,50.856,0.553
238,Hastings,Sussex,England,50.854,0.573
239,Battle,Sussex,England,50.917,0.484
240,Bexhill on Sea,Sussex,England,50.85,0.466
241,Eastbourne,Sussex,England,50.768,0.29
242,Haslemere,Surrey,England,51.091,-0.713
243,Godalming,Surrey,England,51.186,-0.613
244,Farnham,Surrey,England,51.214,-0.799
245,Guildford,Surrey,England,51.236,-0.57
246,Frimley,Surrey,England,51.316,-0.743
247,Lightwater,Surrey,England,51.349,-0.675
248,Egham,Surrey,England,51.429,-0.548
249,Addlestone,Surrey,England,51.37,-0.489
250,Chertsey,Surrey,England,51.386,-0.509
251,Woking,Surrey,England,51.317,-0.56
252,Leatherhead,Surrey,England,51.296,-0.331
253,Dorking,Surrey,England,51.232,-0.332
254,Horley,Surrey,England,51.174,-0.172
255,Reigate,Surrey,England,51.237,-0.206
256,Redhill,Surrey,England,51.239,-0.17
257,Oxted,Surrey,England,51.256,0
258,Caterham,Surrey,England,51.28,-0.082
259,Warlingham,Surrey,England,51.309,-0.056
260,Coulsdon,Surrey,England,51.32,-0.141
261,Banstead,Surrey,England,51.322,-0.205
262,Epsom,Surrey,England,51.336,-0.267
263,Cobham,Surrey,England,51.329,-0.411
264,Esher,Surrey,England,51.369,-0.366
265,Walton on Thames,Surrey,England,51.388,-0.417
266,Croydon,Surrey,England,51.376,-0.098
267,Carshalton,Surrey,England,51.365,-0.165
268,Sutton,Surrey,England,51.361,-0.194
269,Kingston upon Thames,Surrey,England,51.412,-0.301
270,Wimbledon,Surrey,England,51.418,-0.221
271,Tooting,Surrey,England,51.428,-0.167
272,Richmond,Surrey,England,51.461,-0.304
273,Putney,Surrey,England,51.46,-0.214
274,Wandsworth,Surrey,England,51.458,-0.189
275,Clapham,Surrey,England,51.466,-0.141
276,Brixton,Surrey,England,51.461,-0.116
277,Streatham,Surrey,England,51.431,-0.129
278,Southwark,Surrey,England,51.503,-0.088
279,Lambeth,Surrey,England,51.494,-0.118
280,Broadstairs,Kent,England,51.36,1.432
281,Margate,Kent,England,51.39,1.387
282,Westgate on Sea,Kent,England,51.383,1.334
283,Birchington,Kent,England,51.373,1.307
284,Ramsgate,Kent,England,51.336,1.42
285,Sandwich,Kent,England,51.274,1.337
286,Whitstable,Kent,England,51.361,1.024
287,Canterbury,Kent,England,51.28,1.079
288,Fordwich,Kent,England,51.295,1.124
289,Deal,Kent,England,51.222,1.402
290,Dover,Kent,England,51.128,1.313
291,Hythe,Kent,England,51.072,1.082
292,Ashford,Kent,England,51.146,0.875
293,Maidstone,Kent,England,51.27,0.523
294,Sittingbourne,Kent,England,51.34,0.732
295,Faversham,Kent,England,51.316,0.889
296,Minster,Kent,England,51.337,1.314
297,Sheerness,Kent,England,51.44,0.764
298,Strood,Kent,England,51.393,0.475
299,Rochester,Kent,England,51.388,0.507
300,Gillingham,Kent,England,51.386,0.551
301,Chatham,Kent,England,51.381,0.522
302,Walderslade,Kent,England,51.331,0.526
303,Snodland,Kent,England,51.331,0.445
304,West Malling,Kent,England,51.294,0.409
305,Paddock Wood,Kent,England,51.181,0.385
306,Cranbrook,Kent,England,51.096,0.538
307,Tenterden,Kent,England,51.069,0.689
308,Lydd,Kent,England,50.951,0.907
309,New Romsey,Kent,England,50.985,0.939
310,Folkestone,Kent,England,51.081,1.169
311,Royal Tunbridge Wells,Kent,England,51.132,0.264
312,Tonbridge,Kent,England,51.195,0.276
313,Edenbridge,Kent,England,51.196,0.065
314,Sevenoaks,Kent,England,51.272,0.191
315,Biggin Hill,Kent,England,51.312,0.033
316,Bromley,Kent,England,51.406,0.013
317,Sydenham,Kent,England,51.425,-0.059
318,Catford,Kent,England,51.445,-0.016
319,Lewisham,Kent,England,51.279,0.522
320,Greenwich,Kent,England,51.493,0.01
321,Lee,Kent,England,51.449,0.02
322,Woolwich,Kent,England,51.489,0.068
323,Bexleyheath,Kent,England,51.453,0.138
324,Sidcup,Kent,England,51.426,0.101
325,Orpington,Kent,England,51.375,0.094
326,Foots Cray,Kent,England,51.417,0.121
327,Swanley,Kent,England,51.397,0.177
328,Dartford,Kent,England,51.446,0.217
329,Northfleet,Kent,England,51.441,0.337
330,Westerham,Kent,England,51.267,0.072
331,Potters Bar,Middlesex,England,51.697,-0.176
332,Enfield,Middlesex,England,51.652,-0.081
333,Wood Green,Middlesex,England,51.597,-0.11
334,Finchley,Middlesex,England,51.597,-0.198
335,Hackney,Middlesex,England,51.546,-0.05
336,London,Middlesex,England,51.517,-0.077
337,Westminster,Middlesex,England,51.497,-0.136
338,Fulham,Middlesex,England,51.469,-0.212
339,Chiswick,Middlesex,England,51.486,-0.251
340,Hammersmith,Middlesex,England,51.491,-0.224
341,Kensington,London,England,51.499,-0.194
342,Shepherd's Bush,London,England,51.505,-0.225
343,Shepperton,London,England,51.39,-0.453
344,Teddington,London,England,51.427,-0.331
345,Hounslow,London,England,51.483,-0.388
346,Southall,London,England,51.511,-0.377
347,Ealing,London,England,51.525,-0.341
348,Northolt,London,England,51.547,-0.373
349,Uxbridge,London,England,51.549,-0.48
350,Ruislip,London,England,51.576,-0.421
351,Harrow,London,England,51.581,-0.342
352,Edgware,London,England,51.616,-0.262
353,Wembley,London,England,51.551,-0.305
354,Kilburn,London,England,51.54,-0.199
355,Camden,London,England,51.539,-0.143
356,Chelsea,London,England,51.487,-0.17
357,Brentford,London,England,51.486,-0.31
358,Tottenham,London,England,51.606,-0.068
359,Stratford,Essex,England,51.547,-0.008
360,East Ham,Essex,England,51.533,0.05
361,West Ham,Essex,England,51.538,0.012
362,Barking,Essex,England,51.537,0.076
363,Romford,Essex,England,51.577,0.178
364,Ilford,Essex,England,51.557,0.076
365,Chigwell,Essex,England,51.626,0.081
366,Walthamstow,Essex,England,51.59,-0.017
367,Loughton,Essex,England,51.656,0.068
368,Epping,Essex,England,51.7,0.109
369,Harlow,Essex,England,51.768,0.088
370,Chipping Ongar,Essex,England,51.71,0.245
371,Chelmsford,Essex,England,51.736,0.469
372,Maldon,Essex,England,51.732,0.671
373,Burnham on Crouch,Essex,England,51.628,0.815
374,South Woodham Ferrers,Essex,England,51.647,0.615
375,Wickford,Essex,England,51.611,0.521
376,Billericay,Essex,England,51.628,0.418
377,Brentwood,Essex,England,51.62,0.307
378,South Ockendon,Essex,England,51.521,0.294
379,Tilbury,Essex,England,51.463,0.36
380,Stanford le Hope,Essex,England,51.514,0.429
381,Basildon,Essex,England,51.576,0.489
382,Benfleet,Essex,England,51.567,0.551
383,Canvey,Essex,England,51.517,0.578
384,Hadleigh,Essex,England,51.555,0.604
385,Rayleigh,Essex,England,51.586,0.605
386,Rochford,Essex,England,51.582,0.707
387,Southend on Sea,Essex,England,51.546,0.708
388,Ingatestone,Essex,England,51.674,0.39
389,Witham,Essex,England,51.798,0.637
390,Dagenham,Essex,England,51.539,0.147
391,Great Dunmow,Essex,England,51.873,0.358
392,Braintree,Essex,England,51.88,0.551
393,Halstead,Essex,England,51.945,0.639
394,Saffron Walden,Essex,England,52.023,0.239
395,Colchester,Essex,England,51.896,0.892
396,Wilvenhoe,Essex,England,51.858,0.965
397,Walton on the Naze,Essex,England,51.848,1.268
398,Brightlingsea,Essex,England,51.816,1.021
399,Holland on Sea,Essex,England,51.806,1.19
400,Coggeshall,Essex,England,51.871,0.693
401,Dovercourt,Essex,England,51.927,1.235
402,Harwich,Essex,England,51.935,1.26
403,Clacton on Sea,Essex,England,51.79,1.153
404,Manningtree,Essex,England,51.945,1.062
405,Rickmansworth,Hertfordshire,England,51.639,-0.474
406,Watford,Hertfordshire,England,51.656,-0.39
407,Borehamwood,Hertfordshire,England,51.658,-0.272
408,Barnet,Hertfordshire,England,51.657,-0.195
409,Kings Langley,Hertfordshire,England,51.716,-0.456
410,Berkhamsted,Hertfordshire,England,51.76,-0.568
411,Tring,Hertfordshire,England,51.796,-0.656
412,Harpenden,Hertfordshire,England,51.818,-0.359
413,St Albans,Hertfordshire,England,51.753,-0.339
414,Hatfield,Hertfordshire,England,51.763,-0.223
415,Welwyn,Hertfordshire,England,51.833,-0.212
416,Waltham Cross,Hertfordshire,England,51.686,-0.033
417,Broxbourne,Hertfordshire,England,51.743,-0.021
418,Hoddesdon,Hertfordshire,England,51.76,-0.015
419,Hertford,Hertfordshire,England,51.796,-0.081
420,Ware,Hertfordshire,England,51.81,-0.028
421,Sawbridgeworth,Hertfordshire,England,51.816,0.147
422,Bishop's Stortford,Hertfordshire,England,51.872,0.154
423,Hemel Hampstead,Hertfordshire,England,51.753,-0.449
424,Buntingford,Hertfordshire,England,51.946,-0.019
425,Baldock,Hertfordshire,England,51.99,-0.189
426,Hitchin,Hertfordshire,England,51.949,-0.283
427,Stevenage,Hertfordshire,England,51.904,-0.197
428,Royston,Hertfordshire,England,52.048,-0.024
429,Letchworth,Hertfordshire,England,51.979,-0.227
430,Lakenheath,Suffolk,England,52.414,0.522
431,Brandon,Suffolk,England,52.447,0.623
432,Mildenhall,Suffolk,England,52.348,0.516
433,Bury St Edmunds,Suffolk,England,52.243,0.71
434,Haverhill,Suffolk,England,52.083,0.441
435,Clare,Suffolk,England,52.089,0.56
436,Stowmarket,Suffolk,England,52.189,0.998
437,Needham Market,Suffolk,England,52.156,1.05
438,Eye,Suffolk,England,52.32,1.146
439,Halesworth,Suffolk,England,52.343,1.503
440,Framlington,Suffolk,England,52.222,1.342
441,Saxmundham,Suffolk,England,52.216,1.488
442,Leiston,Suffolk,England,52.209,1.574
443,Orford,Suffolk,England,52.095,1.534
444,Woodbridge,Suffolk,England,52.095,1.313
445,Kesgrave,Suffolk,England,52.063,1.234
446,Ipswich,Suffolk,England,52.057,1.148
447,Sudbury,Suffolk,England,52.041,0.727
448,Hadleigh,Suffolk,England,52.045,0.953
449,Felixstowe,Suffolk,England,51.962,1.351
450,Beccles,Suffolk,England,52.459,1.566
451,Lowestoft,Suffolk,England,52.481,1.753
452,Gorleston on Sea,Suffolk,England,52.571,1.734
453,Kings's Lynn,Norfolk,England,52.752,0.402
454,Downham Market,Norfolk,England,52.607,0.385
455,Swaffham,Norfolk,England,52.647,0.687
456,Watton,Norfolk,England,52.571,0.828
457,Dereham,Norfolk,England,52.682,0.938
458,Hingham,Norfolk,England,52.581,0.983
459,Attleborough,Norfolk,England,52.518,1.016
460,Wymondham,Norfolk,England,52.569,1.115
461,Norwich,Norfolk,England,52.631,1.297
462,Reepham,Norfolk,England,52.762,1.111
463,Fakenham,Norfolk,England,52.831,0.849
464,Aylsham,Norfolk,England,52.797,1.252
465,Long Stratton,Norfolk,England,52.487,1.237
466,Thetford,Norfolk,England,52.413,0.752
467,Diss,Norfolk,England,52.376,1.108
468,Harleston,Norfolk,England,52.413,1.307
469,Loddon,Norfolk,England,52.532,1.483
470,Caister on Sea,Norfolk,England,52.649,1.724
471,Great Yarmouth,Norfolk,England,52.598,1.728
472,Acle,Norfolk,England,52.638,1.551
473,Stalham,Norfolk,England,52.774,1.515
474,North Walsham,Norfolk,England,52.823,1.386
475,Holt,Norfolk,England,52.909,1.087
476,Sheringham,Norfolk,England,52.944,1.211
477,Wells next the Sea,Norfolk,England,52.955,0.849
478,Hunstanton,Norfolk,England,52.939,0.491
479,Cromer,Norfolk,England,52.931,1.302
480,Cambridge,Cambridgeshire,England,52.205,0.122
481,Cambourne,Cambridgeshire,England,52.218,-0.066
482,Ely,Cambridgeshire,England,52.4,0.262
483,Soham,Cambridgeshire,England,52.335,0.338
484,Chatteris,Cambridgeshire,England,52.456,0.054
485,March,Cambridgeshire,England,52.552,0.089
486,Whittlesey,Cambridgeshire,England,52.558,-0.13
487,Wisbech,Cambridgeshire,England,52.666,0.159
488,Trumpington,Cambridgeshire,England,52.174,0.11
489,Newmarket,Cambridgeshire,England,52.245,0.408
490,St Neots,Huntingdonshire,England,52.23,-0.265
491,Huntingdon,Huntingdonshire,England,52.331,-0.183
492,St Ives,Huntingdonshire,England,52.333,-0.076
493,Ramsey,Huntingdonshire,England,52.45,-0.108
494,Godmanchester,Huntingdonshire,England,52.319,-0.175
495,Yaxley,Huntingdonshire,England,52.519,-0.256
496,Luton,Bedfordshire,England,51.879,-0.42
497,Dunstable,Bedfordshire,England,51.886,-0.52
498,Houghton Regis,Bedfordshire,England,51.904,-0.525
499,Flitwick,Bedfordshire,England,52.005,-0.498
500,Ampthill,Bedfordshire,England,52.027,-0.495
501,Shefford,Bedfordshire,England,52.039,-0.334
502,Arlesey,Bedfordshire,England,52.015,-0.263
503,Biggleswade,Bedfordshire,England,52.087,-0.264
504,Sandy,Bedfordshire,England,52.128,-0.287
505,Kempston,Bedfordshire,England,52.118,-0.497
506,Bedford,Bedfordshire,England,52.139,-0.467
507,Olney,Buckinghamshire,England,52.155,-0.701
508,Newport Pagnell,Buckinghamshire,England,52.085,-0.735
509,Stony Stratford,Buckinghamshire,England,52.057,-0.849
510,Milton Keynes,Buckinghamshire,England,52.041,-0.759
511,Bletchley,Buckinghamshire,England,52.002,-0.75
512,Winslow,Buckinghamshire,England,51.945,-0.879
513,Buckingham,Buckinghamshire,England,51.999,-0.988
514,Aylesbury,Buckinghamshire,England,51.816,-0.808
515,Wendover,Buckinghamshire,England,51.762,-0.74
516,Great Missenden,Buckinghamshire,England,51.703,-0.703
517,Chesham,Buckinghamshire,England,51.709,-0.612
518,Amersham,Buckinghamshire,England,51.676,-0.607
519,Princes Risborough,Buckinghamshire,England,51.724,-0.835
520,High Wycombe,Buckinghamshire,England,51.629,-0.748
521,Marlow,Buckinghamshire,England,51.572,-0.777
522,Beaconsfield,Buckinghamshire,England,51.602,-0.644
523,Gerrards Cross,Buckinghamshire,England,51.582,-0.557
524,Slough,Buckinghamshire,England,51.511,-0.595
525,Eton,Buckinghamshire,England,51.487,-0.608
526,Watlington,Oxfordshire,England,51.645,-1.011
527,Oxford,Oxfordshire,England,51.752,-1.258
528,Thame,Oxfordshire,England,51.747,-0.974
529,Carterton,Oxfordshire,England,51.76,-1.593
530,Burford,Oxfordshire,England,51.807,-1.637
531,Witney,Oxfordshire,England,51.786,-1.485
532,Charlbury,Oxfordshire,England,51.875,-1.48
533,Woodstock,Oxfordshire,England,51.847,-1.354
534,Bicester,Oxfordshire,England,51.9,-1.154
535,Chipping Norton,Oxfordshire,England,51.944,-1.542
536,Banbury,Oxfordshire,England,52.063,-1.34
537,Brackley,Northamptonshire,England,52.027,-1.143
538,Towcester,Northamptonshire,England,52.135,-0.99
539,Northampton,Northamptonshire,England,52.24,-0.903
540,Daventry,Northamptonshire,England,52.257,-1.165
541,Wellingborough,Northamptonshire,England,52.302,-0.694
542,Rushden,Northamptonshire,England,52.289,-0.6
543,Higham Ferrers,Northamptonshire,England,52.307,-0.593
544,Irthlingborough,Northamptonshire,England,52.326,-0.613
545,Finedon,Northamptonshire,England,52.34,-0.646
546,Thrapston,Northamptonshire,England,52.395,-0.536
547,Burton Latimer,Northamptonshire,England,52.366,-0.678
548,Kettering,Northamptonshire,England,52.396,-0.73
549,Rothwell,Northamptonshire,England,52.423,-0.803
550,Desborough,Northamptonshire,England,52.441,-0.823
551,Corby,Northamptonshire,England,52.492,-0.684
552,Oundle,Northamptonshire,England,52.481,-0.469
553,Duston,Northamptonshire,England,52.249,-0.945
554,Brixworth,Northamptonshire,England,52.331,-0.905
555,Peterborough,Northamptonshire,England,52.569,-0.241
556,Eye,Northamptonshire,England,52.237,-0.898
557,Bristol,Gloucestershire,England,51.455,-2.588
558,Filton,Gloucestershire,England,51.508,-2.576
559,Bradley Stoke,Gloucestershire,England,51.532,-2.546
560,Thornbury,Gloucestershire,England,51.608,-2.525
561,Yate,Gloucestershire,England,51.542,-2.414
562,Kingswood,Gloucestershire,England,51.626,-2.369
563,Berkeley,Gloucestershire,England,51.696,-2.458
564,Dursley,Gloucestershire,England,51.679,-2.351
565,Lydney,Gloucestershire,England,51.729,-2.531
566,Coleford,Gloucestershire,England,51.793,-2.617
567,Stonehouse,Gloucestershire,England,51.744,-2.279
568,Stroud,Gloucestershire,England,51.746,-2.218
569,Nailsworth,Gloucestershire,England,51.694,-2.216
570,Painswick,Gloucestershire,England,51.787,-2.194
571,Cirencester,Gloucestershire,England,51.718,-1.968
572,Wotton under Edge,Gloucestershire,England,51.638,-2.351
573,Fairford,Gloucestershire,England,51.708,-1.785
574,Lechlaide,Gloucestershire,England,51.7,-1.691
575,Northleach,Gloucestershire,England,51.831,-1.837
576,Bourton on the Water,Gloucestershire,England,51.887,-1.763
577,Stow on the Wold,Gloucestershire,England,51.931,-1.726
578,Winchcombe,Gloucestershire,England,51.957,-1.969
579,Bishop's Cleeve,Gloucestershire,England,51.947,-2.061
580,Cheltenham,Gloucestershire,England,51.899,-2.078
581,Gloucester,Gloucestershire,England,51.864,-2.238
582,Tewkesbury,Gloucestershire,England,51.992,-2.158
583,Newent,Gloucestershire,England,51.929,-2.405
584,Mitcheldean,Gloucestershire,England,51.863,-2.489
585,Cinderford,Gloucestershire,England,51.825,-2.501
586,Moreton in Marsh,Gloucestershire,England,51.991,-1.703
587,Chipping Campden,Gloucestershire,England,52.05,-1.783
588,Chipping Sodbury,Gloucestershire,England,51.535,-2.391
589,Avonmouth,Gloucestershire,England,51.502,-2.691
590,Cheddar,Somerset,England,51.28,-2.777
591,Clevedon,Somerset,England,51.443,-2.864
592,Chagford,Devon,England,50.673,-3.84
593,Morehampstead,Devon,England,50.66,-3.768
594,Mousehole,Cornwall,England,50.084,-5.539
595,Cowes,Isle of Wight,England,50.763,-1.301
596,Portland,Dorset,England,50.545,-2.435
597,Shaftesbury,Dorset,England,51.005,-2.198
598,Hungerford,Berkshire,England,51.412,-1.518
599,Tadley,Hampshire,England,51.344,-1.132
600,Hayling,Hampshire,England,50.795,-0.976
601,Bedhampton,Hampshire,England,50.858,-1
602,Selsey,Sussex,England,50.731,-0.794
603,Henfield,Sussex,England,50.93,-0.27
604,Ross on Wye,Herefordshire,England,51.914,-2.582
605,Ledbury,Herefordshire,England,52.034,-2.424
606,Hereford,Herefordshire,England,52.056,-2.716
607,Bromyard,Herefordshire,England,52.191,-2.509
608,Leominster,Herefordshire,England,52.226,-2.743
609,Kington,Herefordshire,England,52.204,-3.029
610,Upton on Severn,Worcestershire,England,52.065,-2.217
611,Pershore,Worcestershire,England,52.11,-2.075
612,Evesham,Worcestershire,England,52.092,-1.947
613,Worcester,Worcestershire,England,52.194,-2.222
614,Malvern,Worcestershire,England,52.137,-2.32
615,Droitwich Spa,Worcestershire,England,52.262,-2.153
616,Redditch,Worcestershire,England,52.309,-1.941
617,Tenbury Wells,Worcestershire,England,52.308,-2.596
618,Bewdley,Worcestershire,England,52.376,-2.317
619,Kidderminster,Worcestershire,England,52.389,-2.25
620,Stourport on Severn,Worcestershire,England,52.342,-2.278
621,Bromsgrove,Worcestershire,England,52.336,-2.062
622,Northfield,Worcestershire,England,52.408,-1.963
623,Kings Heath,Worcestershire,England,52.432,-1.893
624,Stechford,Worcestershire,England,52.484,-1.808
625,Hagley,Worcestershire,England,52.428,-2.127
626,Stourbridge,Worcestershire,England,52.457,-2.149
627,Kings Norton,Worcestershire,England,52.412,-1.919
628,Dudley,Worcestershire,England,52.512,-2.081
629,Tyseley,Worcestershire,England,52.451,-1.844
630,Moseley,Worcestershire,England,52.233,-2.276
631,Shipston on Stour,Warwickshire,England,52.061,-1.623
632,Stratford upon Avon,Warwickshire,England,52.192,-1.708
633,Alcester,Warwickshire,England,52.215,-1.868
634,Wellesbourne,Warwickshire,England,52.197,-1.59
635,Whitnash,Warwickshire,England,52.271,-1.522
636,Warwick,Warwickshire,England,52.282,-1.585
637,Royal Leamington Spa,Warwickshire,England,52.285,-1.52
638,Southam,Warwickshire,England,52.251,-1.39
639,Kenilworth,Warwickshire,England,52.35,-1.581
640,Henley in Arden,Warwickshire,England,52.293,-1.78
641,Rugby,Warwickshire,England,52.371,-1.265
642,Coventry,Warwickshire,England,52.407,-1.52
643,Bedworth,Warwickshire,England,52.481,-1.469
644,Nuneaton,Warwickshire,England,52.52,-1.465
645,Atherstone,Warwickshire,England,52.577,-1.544
646,Kingsbury,Warwickshire,England,52.566,-1.684
647,Sutton Coldfield,Warwickshire,England,52.57,-1.824
648,Erdington,Warwickshire,England,52.533,-1.737
649,Aston,Warwickshire,England,52.496,-1.885
650,Birmingham,Warwickshire,England,52.486,-1.89
651,Castle Bromwich,Warwickshire,England,52.505,-1.772
652,Chelmsley Wood,Warwickshire,England,52.479,-1.733
653,Coleshill,Warwickshire,England,52.5,-1.706
654,Shirley,Warwickshire,England,52.41,-1.819
655,Solihull,Warwickshire,England,52.412,-1.778
656,Dorridge,Warwickshire,England,52.371,-1.762
657,Edgbaston,Warwickshire,England,52.461,-1.915
658,Tamworth,Warwickshire,England,52.634,-1.691
659,Polesworth,Warwickshire,England,52.621,-1.616
660,Bidford on Avon,Warwickshire,England,52.165,-1.853
661,Ludlow,Shropshire,England,52.368,-2.714
662,Craven Arms,Shropshire,England,52.44,-2.833
663,Bishop's Castle,Shropshire,England,52.49,-2.998
664,Church Stretton,Shropshire,England,52.541,-2.803
665,Much Wenlock,Shropshire,England,52.597,-2.559
666,Dawley,Shropshire,England,52.661,-2.466
667,Telford,Shropshire,England,52.678,-2.467
668,Madeley,Shropshire,England,52.636,-2.454
669,Broseley,Shropshire,England,52.612,-2.483
670,Bridgnorth,Shropshire,England,52.534,-2.425
671,Cleobury Mortimer,Shropshire,England,52.378,-2.483
672,Shrewsbury,Shropshire,England,52.707,-2.755
673,Wellington,Shropshire,England,52.702,-2.515
674,Oakengates,Shropshire,England,52.696,-2.454
675,Shifnal,Shropshire,England,52.668,-2.375
676,Newport,Shropshire,England,52.769,-2.376
677,Market Drayton,Shropshire,England,52.904,-2.483
678,Wem,Shropshire,England,52.854,-2.727
679,Ellesmere,Shropshire,England,52.907,-2.9
680,Oswestry,Shropshire,England,52.857,-3.056
681,Wroxeter,Shropshire,England,52.67,-2.646
682,Leek,Staffordshire,England,53.109,-2.023
683,Biddulph,Staffordshire,England,53.119,-2.172
684,Kidsgrove,Staffordshire,England,53.086,-2.241
685,Tunstall,Staffordshire,England,52.844,-2.34
686,Longport,Staffordshire,England,53.042,-2.213
687,Hanley,Staffordshire,England,53.027,-2.178
688,Newcastle under Lyme,Staffordshire,England,53.013,-2.227
689,Stoke on Trent,Staffordshire,England,53.003,-2.179
690,Fenton,Staffordshire,England,52.997,-2.157
691,Longton,Staffordshire,England,52.992,-2.131
692,Cheadle,Staffordshire,England,52.985,-1.987
693,Stone,Staffordshire,England,52.908,-2.144
694,Eccleshall,Staffordshire,England,52.859,-2.253
695,Uttoxeter,Staffordshire,England,52.898,-1.866
696,Burton on Trent,Staffordshire,England,52.814,-1.637
697,Stafford,Staffordshire,England,52.807,-2.121
698,Rugeley,Staffordshire,England,52.762,-1.936
699,Penkridge,Staffordshire,England,52.725,-2.116
700,Hednesford,Staffordshire,England,52.712,-2
701,Cannock,Staffordshire,England,52.7,-2.022
702,Burntwood,Staffordshire,England,52.68,-1.922
703,Lichfield,Staffordshire,England,52.682,-1.832
704,Cheslyn Hay,Staffordshire,England,52.66,-2.032
705,Great Wyrley,Staffordshire,England,52.659,-2.01
706,Brownhills,Staffordshire,England,52.646,-1.931
707,Fazeley,Staffordshire,England,52.615,-1.699
708,Aldridge,Staffordshire,England,52.611,-1.914
709,Bloxwich,Staffordshire,England,52.617,-2.004
710,Walsall,Staffordshire,England,52.586,-1.983
711,Wednesfield,Staffordshire,England,52.596,-2.083
712,Wolverhampton,Staffordshire,England,52.587,-2.129
713,Wednesbury,Staffordshire,England,52.553,-2.022
714,Bilston,Staffordshire,England,52.566,-2.074
715,Coseley,Staffordshire,England,52.544,-2.089
716,West Bromwich,Staffordshire,England,52.518,-1.995
717,Smethwick,Staffordshire,England,52.492,-1.965
718,Harborne,Staffordshire,England,52.46,-1.962
719,Rowley Regis,Staffordshire,England,52.489,-2.046
720,Cradley Heath,Staffordshire,England,52.472,-2.082
721,Blackheath,Staffordshire,England,52.477,-2.039
722,Bearwood,Staffordshire,England,52.477,-1.97
723,Tipton,Staffordshire,England,52.526,-2.066
724,Warley,Worcestershire,England,52.486,-1.958
725,Oldbury,Shropshire,England,52.525,-2.427
726,Halesowen,Shropshire,England,52.706,-2.742
727,Measham,Derbyshire,England,52.71,-1.503
728,Market Harborough,Leicestershire,England,52.476,-0.922
729,Lutterworth,Leicestershire,England,52.456,-1.199
730,Hinckley,Leicestershire,England,52.545,-1.377
731,Earl Shilton,Leicestershire,England,52.576,-1.311
732,Leicester,Leicestershire,England,52.637,-1.14
733,Braunstone,Leicestershire,England,52.61,-1.177
734,Wigston,Leicestershire,England,52.586,-1.106
735,Oadby,Leicestershire,England,52.599,-1.078
736,Syston,Leicestershire,England,52.699,-1.073
737,Melton Mowbray,Leicestershire,England,52.766,-0.887
738,Loughborough,Leicestershire,England,52.772,-1.206
739,Ashby de la Zouch,Leicestershire,England,52.749,-1.469
740,Coalville,Leicestershire,England,52.725,-1.368
741,Bottesford,Leicestershire,England,52.94,-0.803
742,Castle Donington,Leicestershire,England,52.845,-1.337
743,Oakham,Rutland,England,52.67,-0.727
744,Uppingham,Rutland,England,52.591,-0.718
745,Swadlincote,Derbyshire,England,52.771,-1.555
746,Derby,Derbyshire,England,52.923,-1.475
747,Long Eaton,Derbyshire,England,52.898,-1.27
748,Ilkeston,Derbyshire,England,52.97,-1.307
749,Heanor,Derbyshire,England,53.014,-1.354
750,Langley Mill,Derbyshire,England,53.018,-1.338
751,Belper,Derbyshire,England,53.024,-1.478
752,Ripley,Derbyshire,England,53.053,-1.406
753,Ashbourne,Derbyshire,England,53.017,-1.732
754,Spondon,Derbyshire,England,52.925,-1.408
755,Alfreton,Derbyshire,England,53.097,-1.382
756,Clay Cross,Derbyshire,England,53.164,-1.415
757,Matlock,Derbyshire,England,53.137,-1.552
758,Bakewell,Derbyshire,England,53.215,-1.676
759,Buxton,Derbyshire,England,53.259,-1.915
760,Chapel en le Frith,Derbyshire,England,53.324,-1.913
761,Dronfield,Derbyshire,England,53.302,-1.468
762,Eckington,Derbyshire,England,53.308,-1.357
763,Killamarsh,Derbyshire,England,53.321,-1.314
764,Clowne,Derbyshire,England,53.274,-1.265
765,Bolsover,Derbyshire,England,53.231,-1.29
766,Shirebrook,Derbyshire,England,53.202,-1.218
767,Chesterfield,Derbyshire,England,53.235,-1.422
768,Staveley,Derbyshire,England,53.266,-1.351
769,Glossop,Derbyshire,England,53.443,-1.949
770,Hadfield,Derbyshire,England,53.461,-1.967
771,New Mills,Derbyshire,England,53.368,-2.005
772,Hathersage,Derbyshire,England,53.33,-1.656
773,Owlthorpe,Derbyshire,England,53.334,-1.784
774,South Normanton,Derbyshire,England,53.108,-1.341
775,Wirksworth,Derbyshire,England,53.083,-1.571
776,Cotgrave,Nottinghamshire,England,52.911,-1.041
777,Bingham,Nottinghamshire,England,52.951,-0.956
778,Nottingham,Nottinghamshire,England,52.955,-1.158
779,West Bridgford,Nottinghamshire,England,52.936,-1.134
780,Arnold,Nottinghamshire,England,53.001,-1.132
781,Hucknall,Nottinghamshire,England,53.034,-1.203
782,Beeston,Nottinghamshire,England,52.924,-1.212
783,Stapleford,Nottinghamshire,England,52.929,-1.273
784,Kimberley,Nottinghamshire,England,52.994,-1.254
785,Eastwood,Nottinghamshire,England,53.018,-1.309
786,Kirkby in Ashfield,Nottinghamshire,England,53.101,-1.27
787,Sutton in Ashfield,Nottinghamshire,England,53.127,-1.263
788,Southwell,Nottinghamshire,England,53.079,-0.96
789,Newark on Trent,Nottinghamshire,England,53.07,-0.807
790,Mansfield,Nottinghamshire,England,53.147,-1.199
791,Worksop,Nottinghamshire,England,53.309,-1.123
792,Retford,Nottinghamshire,England,53.321,-0.946
793,Harworth,Nottinghamshire,England,53.417,-1.077
794,Edwinstowe,Nottinghamshire,England,53.196,-1.067
795,Ravenshead,Nottinghamshire,England,53.092,-1.172
796,Broxtowe,Nottinghamshire,England,52.985,-1.265
797,Clifton,Nottinghamshire,England,52.906,-1.179
798,Keyworth,Nottinghamshire,England,52.871,-1.09
799,Radcliffe on Trent,Nottinghamshire,England,52.943,-1.034
800,Ollerton,Nottinghamshire,England,53.204,-1.021
801,Stamford,Lincolnshire,England,52.651,-0.48
802,Market Deeping,Lincolnshire,England,52.68,-0.322
803,Crowland,Lincolnshire,England,52.676,-0.167
804,Spalding,Lincolnshire,England,52.79,-0.154
805,Holbeach,Lincolnshire,England,52.804,0.013
806,Long Sutton,Lincolnshire,England,52.785,0.12
807,Kirton,Lincolnshire,England,52.927,-0.061
808,Boston,Lincolnshire,England,52.979,-0.027
809,Sleaford,Lincolnshire,England,53,-0.41
810,Grantham,Lincolnshire,England,52.913,-0.644
811,Bourne,Lincolnshire,England,52.769,-0.378
812,Wainfleet All Saints,Lincolnshire,England,53.108,0.237
813,Spilsby,Lincolnshire,England,53.175,0.091
814,Alford,Lincolnshire,England,53.263,0.183
815,Chapel,Lincolnshire,England,53.208,-0.113
816,Skegness,Lincolnshire,England,53.146,0.338
817,Woodhall Spa,Lincolnshire,England,53.152,-0.218
818,Coningsby,Lincolnshire,England,53.105,-0.175
819,North Hykeham,Lincolnshire,England,53.183,-0.587
820,Bracebridge,Lincolnshire,England,53.204,-0.551
821,Lincoln,Lincolnshire,England,53.231,-0.541
822,Washingborough,Lincolnshire,England,53.222,-0.473
823,Bardney,Lincolnshire,England,53.211,-0.319
824,Wragby,Lincolnshire,England,53.286,-0.3
825,Ruskington,Lincolnshire,England,53.044,-0.387
826,Mablethorpe,Lincolnshire,England,53.341,0.261
827,Cleethorpes,Lincolnshire,England,53.557,-0.029
828,Grimsby,Lincolnshire,England,53.567,-0.081
829,Immingham,Lincolnshire,England,53.614,-0.216
830,Caistor,Lincolnshire,England,53.497,-0.315
831,Brigg,Lincolnshire,England,53.552,-0.492
832,Scunthorpe,Lincolnshire,England,53.589,-0.654
833,Kirton in Lindsey,Lincolnshire,England,53.477,-0.594
834,Market Rasen,Lincolnshire,England,53.388,-0.333
835,Louth,Lincolnshire,England,53.366,-0.008
836,Barton upon Humber,Lincolnshire,England,53.687,-0.443
837,Winterton,Lincolnshire,England,53.656,-0.602
838,Epworth,Lincolnshire,England,53.529,-0.822
839,Gainsborough,Lincolnshire,England,53.401,-0.774
840,Hoylake,Cheshire,England,53.393,-3.176
841,Moreton,Cheshire,England,53.405,-3.099
842,New Brighton,Cheshire,England,53.435,-3.051
843,Birkenhead,Cheshire,England,53.39,-3.023
844,New Ferry,Cheshire,England,53.362,-2.998
845,Bebington,Cheshire,England,53.353,-3.008
846,Bromborough,Cheshire,England,53.332,-2.977
847,Heswell,Cheshire,England,53.328,-3.099
848,Neston,Cheshire,England,53.291,-3.069
849,Ellesmere Port,Cheshire,England,53.28,-2.897
850,Chesterfield,Cheshire,England,53.564,-2.442
851,Nantwich,Cheshire,England,53.067,-2.524
852,Crewe,Cheshire,England,53.1,-2.444
853,Middlewich,Cheshire,England,53.193,-2.444
854,Winsford,Cheshire,England,53.194,-2.52
855,Northwich,Cheshire,England,53.259,-2.518
856,Sandbach,Cheshire,England,53.147,-2.367
857,Alsager,Cheshire,England,53.095,-2.305
858,Congleton,Cheshire,England,53.163,-2.219
859,Macclesfield,Cheshire,England,53.259,-2.119
860,Bollington,Cheshire,England,53.297,-2.097
861,Knutsford,Cheshire,England,53.301,-2.372
862,Wilmslow,Cheshire,England,53.328,-2.229
863,Frodsham,Cheshire,England,53.297,-2.725
864,Runcorn,Cheshire,England,53.342,-2.73
865,Altrincham,Cheshire,England,53.387,-2.349
866,Sale,Cheshire,England,53.426,-2.324
867,Wythenshawe,Cheshire,England,53.401,-2.271
868,Poyton,Cheshire,England,53.349,-2.122
869,Hyde,Cheshire,England,53.453,-2.083
870,Dukinfield,Cheshire,England,53.479,-2.095
871,Mossley,Cheshire,England,53.152,-2.186
872,Whaley Bridge,Cheshire,England,53.33,-1.984
873,Cheadle,Cheshire,England,53.394,-2.214
874,Manchester,Lancashire,England,53.481,-2.243
875,Droylsden,Lancashire,England,53.476,-2.152
876,Ashton under Lyne,Lancashire,England,53.488,-2.09
877,Stalybridge,Lancashire,England,53.484,-2.05
878,Audenshaw,Lancashire,England,53.474,-2.125
879,Denton,Lancashire,England,53.455,-2.115
880,Failsworth,Lancashire,England,53.508,-2.164
881,Oldham,Lancashire,England,53.541,-2.111
882,Middleton,Lancashire,England,54.021,-2.882
883,Chadderton,Lancashire,England,53.545,-2.14
884,Royton,Lancashire,England,53.567,-2.121
885,Shaw,Lancashire,England,53.583,-2.095
886,Littleborough,Lancashire,England,53.646,-2.093
887,Rochdale,Lancashire,England,53.61,-2.156
888,Milnrow,Lancashire,England,53.611,-2.117
889,Heywood,Lancashire,England,53.593,-2.226
890,Bury,Lancashire,England,53.593,-2.297
891,Radcliffe,Lancashire,England,53.561,-2.327
892,Whitefield,Lancashire,England,53.552,-2.299
893,Prestwich,Lancashire,England,53.529,-2.287
894,Pendlebury,Lancashire,England,53.507,-2.315
895,Swinton,Lancashire,England,53.511,-2.346
896,Salford,Lancashire,England,53.488,-2.29
897,Eccles,Lancashire,England,53.482,-2.341
898,Urmston,Lancashire,England,53.449,-2.375
899,Stretford,Lancashire,England,53.447,-2.309
900,Irlam,Lancashire,England,53.444,-2.421
901,Kearsley,Lancashire,England,53.539,-2.374
902,Farnworth,Lancashire,England,53.546,-2.404
903,Astley,Lancashire,England,53.663,-2.647
904,Tyldesley,Lancashire,England,53.515,-2.464
905,Atherton,Lancashire,England,53.524,-2.492
906,Leigh,Lancashire,England,53.496,-2.519
907,Hindley,Lancashire,England,53.533,-2.581
908,Wigan,Lancashire,England,53.545,-2.633
909,Westhoughton,Lancashire,England,53.549,-2.526
910,Bolton,Lancashire,England,53.577,-2.428
911,Horwich,Lancashire,England,53.598,-2.555
912,Ramsbottom,Lancashire,England,53.648,-2.32
913,Whitworth,Lancashire,England,53.66,-2.172
914,Bacup,Lancashire,England,53.707,-2.201
915,Rawtenstall,Lancashire,England,53.7,-2.301
916,Darwen,Lancashire,England,53.695,-2.469
917,Haslingden,Lancashire,England,53.701,-2.326
918,Chorley,Lancashire,England,53.654,-2.633
919,Skelmersdale,Lancashire,England,53.55,-2.776
920,Ashton in Makerfield,Lancashire,England,53.487,-2.643
921,Goborne,Lancashire,England,53.475,-2.598
922,Earlestown,Lancashire,England,53.453,-2.642
923,Newton le Willows,Lancashire,England,53.453,-2.635
924,Warrington,Lancashire,England,53.39,-2.597
925,St Helens,Lancashire,England,53.456,-2.737
926,Huyton,Lancashire,England,53.415,-2.826
927,Haleswood,Lancashire,England,53.371,-2.821
928,Idnes,Lancashire,England,53.763,-2.704
929,Whiston,Lancashire,England,53.418,-2.792
930,Prescot,Lancashire,England,53.429,-2.805
931,Liverpool,Lancashire,England,53.408,-2.992
932,Bootle,Lancashire,England,53.443,-2.999
933,Litherland,Lancashire,England,53.472,-2.996
934,Crosby,Lancashire,England,53.489,-3.046
935,Formby,Lancashire,England,53.558,-3.069
936,Ormskirk,Lancashire,England,53.569,-2.885
937,Southport,Lancashire,England,53.646,-3.01
938,Leyland,Lancashire,England,53.698,-2.695
939,Penwortham,Lancashire,England,53.75,-2.736
940,Preston,Lancashire,England,53.763,-2.703
941,Kirkham,Lancashire,England,53.782,-2.872
942,Lytham,Lancashire,England,53.757,-3.021
943,Blackpool,Lancashire,England,53.818,-3.036
944,Cleveleys,Lancashire,England,53.881,-3.039
945,Fleetwood,Lancashire,England,53.917,-3.036
946,Poulton le Fylde,Lancashire,England,53.844,-2.986
947,Garstang,Lancashire,England,53.903,-2.772
948,Longridge,Lancashire,England,53.832,-2.599
949,Clitheroe,Lancashire,England,53.871,-2.393
950,Colne,Lancashire,England,53.856,-2.177
951,Nelson,Lancashire,England,53.835,-2.219
952,Brierfield,Lancashire,England,53.822,-2.237
953,Burnley,Lancashire,England,53.789,-2.241
954,Padiham,Lancashire,England,53.802,-2.316
955,Great Harwood,Lancashire,England,53.782,-2.4
956,Clayton le Mours,Lancashire,England,53.779,-2.385
957,Rishton,Lancashire,England,53.769,-2.424
958,Blackburn,Lancashire,England,53.749,-2.488
959,Oswaldtwistle,Lancashire,England,53.742,-2.407
960,Accrington,Lancashire,England,53.754,-2.372
961,Todmorden,Lancashire,England,53.716,-2.099
962,Lancaster,Lancashire,England,54.047,-2.801
963,Heysham,Lancashire,England,54.042,-2.894
964,Morecambe,Lancashire,England,54.074,-2.865
965,Carnforth,Lancashire,England,54.127,-2.768
966,Barrow in Furness,Lancashire,England,54.109,-3.219
967,Dalton in Furness,Lancashire,England,54.157,-3.178
968,Askam in Furness,Lancashire,England,54.189,-3.204
969,Ulverston,Lancashire,England,54.195,-3.093
970,Broughton in Furness,Lancashire,England,54.278,-3.211
971,Thornton,Lancashire,England,53.871,-3.003
972,Bamber Bridge,Lancashire,England,53.728,-2.661
973,Ainsdale,Lancashire,England,53.605,-3.041
974,Dumplington,Lancashire,England,53.763,-2.704
975,Didsbury,Lancashire,England,53.41,-2.229
976,Trafford,Lancashire,England,53.422,-2.352
977,Sheffield,Yorkshire,England,53.381,-1.47
978,Rotherham,Yorkshire,England,53.433,-1.364
979,Rawmarsh,Yorkshire,England,53.462,-1.344
980,Dinnington,Yorkshire,England,53.373,-1.203
981,Maltby,Yorkshire,England,53.423,-1.201
982,Tickhill,Yorkshire,England,53.433,-1.109
983,Doncaster,Yorkshire,England,53.523,-1.128
984,Thurnscote,Yorkshire,England,53.546,-1.316
985,Wombwell,Yorkshire,England,53.521,-1.399
986,Stocksbridge,Yorkshire,England,53.483,-1.594
987,Hoyland,Yorkshire,England,53.498,-1.441
988,Penistone,Yorkshire,England,53.526,-1.626
989,Holmfirth,Yorkshire,England,53.572,-1.786
990,Maltham,Yorkshire,England,54.061,-2.153
991,Royston,Yorkshire,England,53.6,-1.454
992,Cudworth,Yorkshire,England,53.578,-1.415
993,Barnsley,Yorkshire,England,53.553,-1.48
994,Wath upon Dearne,Yorkshire,England,53.503,-1.339
995,Swinton,Yorkshire,England,53.489,-1.318
996,Mexborough,Yorkshire,England,53.493,-1.28
997,Conisbrough,Yorkshire,England,53.481,-1.226
998,Hemsworth,Yorkshire,England,53.615,-1.353
999,South Elmsall,Yorkshire,England,53.597,-1.283
1000,Askern,Yorkshire,England,53.617,-1.156
1001,Stainforth,Yorkshire,England,53.594,-1.03
1002,Hatfield,Yorkshire,England,53.578,-1.001
1003,Thorne,Yorkshire,England,53.61,-0.961
1004,Bawtry,Yorkshire,England,53.431,-1.019
1005,Goole,Yorkshire,England,53.703,-0.876
1006,Snaith,Yorkshire,England,53.691,-1.024
1007,Knottingley,Yorkshire,England,53.707,-1.244
1008,Sherburn in Elmet,Yorkshire,England,53.79,-1.231
1009,Selby,Yorkshire,England,53.784,-1.067
1010,Garforth,Yorkshire,England,53.792,-1.39
1011,Leeds,Yorkshire,England,53.801,-1.549
1012,Horsforth,Yorkshire,England,53.842,-1.636
1013,Rothwell,Yorkshire,England,53.755,-1.473
1014,Morley,Yorkshire,England,53.745,-1.598
1015,Outwood,Yorkshire,England,53.713,-1.503
1016,Wakefield,Yorkshire,England,53.683,-1.506
1017,Stanley,Yorkshire,England,53.714,-1.479
1018,Normanton,Yorkshire,England,53.701,-1.417
1019,Castleford,Yorkshire,England,53.723,-1.346
1020,Glasshoughton,Yorkshire,England,53.714,-1.346
1021,Pontefract,Yorkshire,England,53.692,-1.309
1022,Featherstone,Yorkshire,England,53.675,-1.357
1023,Osset,Yorkshire,England,53.681,-1.579
1024,Dewsbury,Yorkshire,England,53.69,-1.63
1025,Mirfield,Yorkshire,England,53.68,-1.697
1026,Huddersfield,Yorkshire,England,53.646,-1.785
1027,Meltham,Yorkshire,England,53.592,-1.851
1028,Ripponden,Yorkshire,England,53.675,-1.94
1029,Hebden Bridge,Yorkshire,England,53.743,-2.013
1030,Sowerby Bridge,Yorkshire,England,53.707,-1.913
1031,Halifax,Yorkshire,England,53.727,-1.858
1032,Bradford,Yorkshire,England,53.796,-1.759
1033,Pudsey,Yorkshire,England,53.796,-1.676
1034,Farsley,Yorkshire,England,53.812,-1.672
1035,Yeadon,Yorkshire,England,53.865,-1.684
1036,Guiseley,Yorkshire,England,53.877,-1.707
1037,Otley,Yorkshire,England,53.906,-1.692
1038,Bingley,Yorkshire,England,53.847,-1.834
1039,Shipley,Yorkshire,England,53.836,-1.777
1040,Keighley,Yorkshire,England,53.868,-1.912
1041,Ilkley,Yorkshire,England,53.925,-1.823
1042,Wetherby,Yorkshire,England,53.927,-1.385
1043,Tadcaster,Yorkshire,England,53.884,-1.261
1044,Batley,Yorkshire,England,53.717,-1.635
1045,Birstall,Yorkshire,England,53.735,-1.663
1046,Gomersal,Yorkshire,England,53.729,-1.683
1047,Cleckheaton,Yorkshire,England,53.723,-1.708
1048,Brighouse,Yorkshire,England,53.7,-1.783
1049,Elland,Yorkshire,England,53.684,-1.845
1050,Heckmondwike,Yorkshire,England,53.707,-1.671
1051,Liversedge,Yorkshire,England,53.71,-1.697
1052,Barnoldswick,Yorkshire,England,53.913,-2.187
1053,Earby,Yorkshire,England,53.916,-2.144
1054,Skipton,Yorkshire,England,53.963,-2.016
1055,Harrogate,Yorkshire,England,53.992,-1.542
1056,Knaresborough,Yorkshire,England,54.011,-1.471
1057,Pateley Bridge,Yorkshire,England,54.086,-1.761
1058,Ripon,Yorkshire,England,54.136,-1.524
1059,Boroughbridge,Yorkshire,England,54.094,-1.395
1060,Settle,Yorkshire,England,54.068,-2.278
1061,Sedbergh,Yorkshire,England,54.324,-2.528
1062,High Bentham,Yorkshire,England,54.118,-2.509
1063,Headingley,Yorkshire,England,53.822,-1.576
1064,Bramley,Yorkshire,England,53.815,-1.635
1065,Eccleshill,Yorkshire,England,53.813,-1.728
1066,Marsden,Yorkshire,England,53.6,-1.93
1067,Rossington,Yorkshire,England,53.477,-1.06
1068,Broomhill,Yorkshire,England,53.377,-1.502
1069,Handsworth,Yorkshire,England,53.373,-1.387
1070,Loxley,Yorkshire,England,53.406,-1.535
1071,Hull,Yorkshire,England,53.768,-0.327
1072,Hedon,Yorkshire,England,53.739,-0.201
1073,Withernsea,Yorkshire,England,53.731,0.033
1074,Beverley,Yorkshire,England,53.842,-0.435
1075,South Cave,Yorkshire,England,53.768,-0.601
1076,Howden,Yorkshire,England,53.746,-0.869
1077,Market Weighton,Yorkshire,England,53.865,-0.668
1078,Hornsea,Yorkshire,England,53.91,-0.174
1079,Pocklington,Yorkshire,England,53.93,-0.779
1080,Driffield,Yorkshire,England,54.006,-0.443
1081,Bridlington,Yorkshire,England,54.085,-0.199
1082,Brough,Yorkshire,England,53.73,-0.573
1083,Cottingham,Yorkshire,England,53.782,-0.414
1084,Filey,Yorkshire,England,54.21,-0.291
1085,Easingwold,Yorkshire,England,54.121,-1.192
1086,Malton,Yorkshire,England,54.137,-0.798
1087,Pickering,Yorkshire,England,54.244,-0.778
1088,Helmsley,Yorkshire,England,54.247,-1.056
1089,Kirkbymoorside,Yorkshire,England,54.27,-0.931
1090,Scarborough,Yorkshire,England,54.283,-0.4
1091,Thirsk,Yorkshire,England,54.234,-1.341
1092,Sleights,Yorkshire,England,54.45,-0.662
1093,Guisborough,Yorkshire,England,54.536,-1.05
1094,Redcar,Yorkshire,England,54.597,-1.078
1095,Brotton,Yorkshire,England,54.568,-0.937
1096,Skelton,Yorkshire,England,53.998,-1.129
1097,Loftus,Yorkshire,England,54.553,-0.89
1098,Thornaby,Yorkshire,England,54.54,-1.294
1099,Ingleby Barwick,Yorkshire,England,54.524,-1.307
1100,Yarm,Yorkshire,England,54.505,-1.355
1101,Middlesborough,Yorkshire,England,54.574,-1.235
1102,Bedale,Yorkshire,England,54.289,-1.593
1103,Masham,Yorkshire,England,54.223,-1.656
1104,Middleham,Yorkshire,England,54.285,-1.806
1105,Leyburn,Yorkshire,England,54.31,-1.827
1106,Catterick Garrison,Yorkshire,England,54.378,-1.723
1107,Richmond,Yorkshire,England,54.403,-1.733
1108,Colburn,Yorkshire,England,54.373,-1.699
1109,Catterick,Yorkshire,England,54.377,-1.63
1110,Northallerton,Yorkshire,England,54.338,-1.43
1111,Hawes,Yorkshire,England,54.304,-2.197
1112,York,Yorkshire,England,53.96,-1.087
1113,Haxby,Yorkshire,England,54.016,-1.062
1114,Marske by the Sea,Yorkshire,England,54.592,-1.02
1115,Ormesby,Yorkshire,England,54.545,-1.172
1116,Poppleton,Yorkshire,England,53.985,-1.148
1117,Copmanthorpe,Yorkshire,England,53.915,-1.137
1118,Bishopthorpe,Yorkshire,England,53.921,-1.1
1119,Milnthorpe,Westmorland,England,54.227,-2.773
1120,Kirkby Lonsdale,Westmorland,England,54.205,-2.602
1121,Kendal,Westmorland,England,54.328,-2.746
1122,Bowness on Windermere,Westmorland,England,54.367,-2.916
1123,Windermere,Westmorland,England,54.367,-2.916
1124,Ambleside,Westmorland,England,54.429,-2.961
1125,Kirkby Stephen,Westmorland,England,54.474,-2.349
1126,Appleby in Westmorland,Westmorland,England,54.578,-2.49
1127,Grasmere,Westmorland,England,54.46,-3.024
1128,Arnside,Westmorland,England,54.197,-2.837
1129,Millom,Cumbria,England,54.211,-3.272
1130,Egremont,Cumbria,England,54.481,-3.529
1131,Cleator Moor,Cumbria,England,54.522,-3.517
1132,Whitehaven,Cumbria,England,54.55,-3.589
1133,Keswick,Cumbria,England,54.601,-3.135
1134,Penrith,Cumbria,England,54.664,-2.753
1135,Cockermouth,Cumbria,England,54.663,-3.368
1136,Maryport,Cumbria,England,54.714,-3.495
1137,Workington,Cumbria,England,54.644,-3.543
1138,Aspatria,Cumbria,England,54.763,-3.333
1139,Wigton,Cumbria,England,54.826,-3.161
1140,Carlisle,Cumbria,England,54.892,-2.933
1141,Alston,Cumbria,England,54.812,-2.439
1142,Silloth,Cumbria,England,54.868,-3.389
1143,Brampton,Cumbria,England,54.943,-2.736
1144,Longtown,Cumbria,England,55.009,-2.972
1145,Eaglescliffe,County Durham,England,54.518,-1.36
1146,Darlington,County Durham,England,54.524,-1.559
1147,Newton Aycliffe,County Durham,England,54.616,-1.576
1148,Shildon,County Durham,England,54.633,-1.655
1149,Bishop Auckland,County Durham,England,54.664,-1.679
1150,Crook,County Durham,England,54.715,-1.744
1151,Spennymoor,County Durham,England,54.698,-1.586
1152,Durham,County Durham,England,54.775,-1.585
1153,Stanhope,County Durham,England,54.749,-2.011
1154,Stockton on Tees,County Durham,England,54.57,-1.329
1155,Billingham,County Durham,England,54.613,-1.291
1156,Hartlepool,County Durham,England,54.692,-1.213
1157,Peterlee,County Durham,England,54.762,-1.329
1158,Hetton le Hole,County Durham,England,54.828,-1.454
1159,Seaham,County Durham,England,54.84,-1.338
1160,Barnard Castle,County Durham,England,54.545,-1.924
1161,Consett,County Durham,England,54.852,-1.833
1162,Stanley,County Durham,England,54.869,-1.699
1163,Birtley,County Durham,England,54.898,-1.577
1164,Whickham,County Durham,England,54.944,-1.675
1165,Blaydon on Tyne,County Durham,England,54.961,-1.718
1166,Ryton,County Durham,England,54.973,-1.763
1167,Gateshead,County Durham,England,54.953,-1.603
1168,Hebburn,County Durham,England,54.972,-1.522
1169,Jarrow,County Durham,England,54.98,-1.483
1170,Sunderland,County Durham,England,54.734,-1.581
1171,Houghton le Spring,County Durham,England,54.841,-1.469
1172,Chester le Street,County Durham,England,54.859,-1.574
1173,Washington,County Durham,England,54.897,-1.517
1174,South Shields,County Durham,England,54.999,-1.427
1175,Dunston,County Durham,England,54.954,-1.648
1176,Lanchester,County Durham,England,54.822,-1.74
1177,Sacriston,County Durham,England,54.816,-1.626
1178,Bedlington,County Durham,England,54.889,-1.585
1179,Newcastle upon Tyne,Northumberland,England,54.981,-1.777
1180,Wallsend,Northumberland,England,54.992,-1.529
1181,North Shields,Northumberland,England,55.01,-1.447
1182,Whitley Bay,Northumberland,England,55.046,-1.451
1183,Cramlington,Northumberland,England,55.086,-1.581
1184,Ponteland,Northumberland,England,55.05,-1.74
1185,Prudhoe,Northumberland,England,54.962,-1.847
1186,Corbridge,Northumberland,England,54.974,-2.018
1187,Hexham,Northumberland,England,54.973,-2.112
1188,Morpeth,Northumberland,England,55.169,-1.687
1189,Ashington,Northumberland,England,55.183,-1.566
1190,Blyth,Northumberland,England,55.127,-1.51
1191,Allendale,Northumberland,England,54.897,-2.255
1192,Haltwhistle,Northumberland,England,54.972,-2.461
1193,Rothbury,Northumberland,England,55.31,-1.91
1194,Alnwick,Northumberland,England,55.413,-1.706
1195,Wooler,Northumberland,England,55.547,-2.012
1196,Berwick upon Tweed,Northumberland,England,55.77,-2.005
1197,Tweedmouth,County Durham,England,55.761,-2.01
1198,Lindisfarne,County Durham,England,54.794,-1.569
1199,Newport,Monmouthshire,Wales,51.584,-2.998
1200,Risca,Monmouthshire,Wales,51.612,-3.102
1201,Cwmbran,Monmouthshire,Wales,51.65,-3.032
1202,Pontypool,Monmouthshire,Wales,51.7,-3.045
1203,Abertillery,Monmouthshire,Wales,51.732,-3.135
1204,Blackwood,Monmouthshire,Wales,51.669,-3.196
1205,Newbridge,Monmouthshire,Wales,51.665,-3.144
1206,Blaina,Monmouthshire,Wales,51.767,-3.16
1207,Nantyglo,Monmouthshire,Wales,51.783,-3.168
1208,Ebbw Vale,Monmouthshire,Wales,51.778,-3.206
1209,Tredegar,Monmouthshire,Wales,51.773,-3.247
1210,Abergavenny,Monmouthshire,Wales,51.825,-3.019
1211,Blaenavon,Monmouthshire,Wales,51.773,-3.086
1212,Usk,Monmouthshire,Wales,51.704,-2.903
1213,Caldicot,Monmouthshire,Wales,51.592,-2.751
1214,Chepstow,Monmouthshire,Wales,51.642,-2.674
1215,Monmouth,Monmouthshire,Wales,51.812,-2.716
1216,Caerleon,Monmouthshire,Wales,51.61,-2.956
1217,Magor,Monmouthshire,Wales,51.582,-2.83
1218,St Mellons,Monmouthshire,Wales,51.527,-3.103
1219,Cardiff,Glamorgan,Wales,51.482,-3.179
1220,Dinas Powys,Glamorgan,Wales,51.434,-3.216
1221,Barry,Glamorgan,Wales,51.4,-3.283
1222,Penarth,Glamorgan,Wales,51.439,-3.174
1223,Caerphilly,Glamorgan,Wales,51.579,-3.218
1224,Pontypridd,Glamorgan,Wales,51.589,-3.331
1225,Llantrisant,Glamorgan,Wales,51.543,-3.375
1226,Cowbridge,Glamorgan,Wales,51.462,-3.45
1227,Llantwit,Glamorgan,Wales,51.409,-3.485
1228,Bridgend,Glamorgan,Wales,51.504,-3.577
1229,Porthcawl,Glamorgan,Wales,51.479,-3.705
1230,Pyle,Glamorgan,Wales,51.529,-3.693
1231,Maesteg,Glamorgan,Wales,51.609,-3.66
1232,Pontycymer,Glamorgan,Wales,51.613,-3.584
1233,Tonypandy,Glamorgan,Wales,51.624,-3.458
1234,Tonyrefail,Glamorgan,Wales,51.584,-3.428
1235,Pencoed,Glamorgan,Wales,51.521,-3.498
1236,Gelligaer,Glamorgan,Wales,51.664,-3.251
1237,Bargoed,Glamorgan,Wales,51.685,-3.23
1238,Ystrad Mynach,Glamorgan,Wales,51.626,-3.226
1239,Porth,Glamorgan,Wales,51.614,-3.407
1240,Gelli,Glamorgan,Wales,51.644,-3.482
1241,Treorchy,Glamorgan,Wales,51.66,-3.506
1242,Aberdale,Glamorgan,Wales,51.701,-3.426
1243,Merthyr Tydfil,Glamorgan,Wales,51.749,-3.381
1244,Treharris,Glamorgan,Wales,51.665,-3.306
1245,Abercynon,Glamorgan,Wales,51.648,-3.329
1246,Mountain Ash,Glamorgan,Wales,51.682,-3.373
1247,Port Talbot,Glamorgan,Wales,51.595,-3.784
1248,Briton Ferry,Glamorgan,Wales,51.632,-3.824
1249,Neath,Glamorgan,Wales,51.657,-3.805
1250,Swansea,Glamorgan,Wales,51.614,-3.949
1251,Morriston,Glamorgan,Wales,51.662,-3.93
1252,Loughor,Glamorgan,Wales,51.665,-4.067
1253,Gorseinon,Glamorgan,Wales,51.67,-4.042
1254,Pontardawe,Glamorgan,Wales,51.72,-3.853
1255,Clydach,Glamorgan,Wales,51.694,-3.899
1256,Glynneath,Glamorgan,Wales,51.749,-3.618
1257,Pontarddulais,Glamorgan,Wales,51.712,-4.037
1258,Llandaff,Glamorgan,Wales,51.494,-3.224
1259,Pontyclun,Glamorgan,Wales,51.522,-3.393
1260,Crickhowell,Brecknockshire,Wales,51.856,-3.136
1261,Brynmawr,Brecknockshire,Wales,51.795,-3.176
1262,Ystradgynlais,Brecknockshire,Wales,51.78,-3.754
1263,Brecon,Brecknockshire,Wales,51.949,-3.391
1264,Hay on Wye,Brecknockshire,Wales,52.076,-3.126
1265,Llanwrtyd Wells,Brecknockshire,Wales,52.108,-3.637
1266,Builth Wells,Brecknockshire,Wales,52.15,-3.405
1267,Carmarthen,Carmarthenshire,Wales,51.858,-4.312
1268,St Clears,Carmarthenshire,Wales,51.819,-4.499
1269,Whitland,Carmarthenshire,Wales,51.82,-4.615
1270,Laugharne,Carmarthenshire,Wales,51.769,-4.464
1271,Kidwelly,Carmarthenshire,Wales,51.736,-4.307
1272,Burry Port,Carmarthenshire,Wales,51.683,-4.256
1273,Llanelli,Carmarthenshire,Wales,51.681,-4.16
1274,Ammanford,Carmarthenshire,Wales,51.793,-3.988
1275,Brynamman,Carmarthenshire,Wales,51.813,-3.867
1276,Llandeilo,Carmarthenshire,Wales,51.885,-3.991
1277,Llandovery,Carmarthenshire,Wales,51.997,-3.798
1278,Newcastle Emlyn,Carmarthenshire,Wales,52.037,-4.469
1279,Saundersfoot,Pembrokeshire,Wales,51.709,-4.7
1280,Tenby,Pembrokeshire,Wales,51.673,-4.704
1281,Pembroke,Pembrokeshire,Wales,51.674,-4.909
1282,Pembroke Dock,Pembrokeshire,Wales,51.692,-4.944
1283,Neyland,Pembrokeshire,Wales,51.705,-4.948
1284,Milford Haven,Pembrokeshire,Wales,51.714,-5.043
1285,Haverfordwest,Pembrokeshire,Wales,51.8,-4.971
1286,Narberth,Pembrokeshire,Wales,51.8,-4.744
1287,St Davids,Pembrokeshire,Wales,51.881,-5.266
1288,Fishguard,Pembrokeshire,Wales,51.994,-4.976
1289,Cardigan,Cardiganshire,Wales,52.084,-4.661
1290,Lampeter,Cardiganshire,Wales,52.113,-4.079
1291,Aberaeron,Cardiganshire,Wales,52.243,-4.258
1292,Aberystwyth,Cardiganshire,Wales,52.415,-4.083
1293,Borth,Cardiganshire,Wales,52.489,-4.051
1294,Aberporth,Cardiganshire,Wales,52.133,-4.545
1295,Knighton,Radnorshire,Wales,52.341,-3.047
1296,Llandrindod Wells,Radnorshire,Wales,52.242,-3.378
1297,Rhayader,Radnorshire,Wales,52.302,-3.511
1298,Presteigne,Radnorshire,Wales,52.272,-3.005
1299,New Radnor,Radnorshire,Wales,52.241,-3.154
1300,Llanidloes,Montgomeryshire,Wales,52.448,-3.54
1301,Newtown,Montgomeryshire,Wales,52.512,-3.313
1302,Machynlleth,Montgomeryshire,Wales,52.59,-3.853
1303,Welshpool,Montgomeryshire,Wales,52.66,-3.146
1304,Montgomery,Montgomeryshire,Wales,52.563,-3.149
1305,Barmouth,Merionethshire,Wales,52.723,-4.056
1306,Dolgellau,Merionethshire,Wales,52.742,-3.884
1307,Tywyn,Merionethshire,Wales,52.587,-4.087
1308,Bala,Merionethshire,Wales,52.91,-3.602
1309,Corwen,Merionethshire,Wales,52.98,-3.369
1310,Blaenau Ffestiniog,Merionethshire,Wales,52.998,-3.945
1311,Harlech,Merionethshire,Wales,52.859,-4.108
1312,Pwllhe,Caernarfonshire,Wales,52.889,-4.418
1313,Criccieth,Caernarfonshire,Wales,52.92,-4.234
1314,Porthmadog,Caernarfonshire,Wales,52.928,-4.133
1315,Llanberis,Caernarfonshire,Wales,53.118,-4.128
1316,Caernarfon,Caernarfonshire,Wales,53.14,-4.274
1317,Bethesda,Caernarfonshire,Wales,53.179,-4.059
1318,Bangor,Caernarfonshire,Wales,53.227,-4.129
1319,Penmaenmawr,Caernarfonshire,Wales,53.267,-3.921
1320,Conwy,Caernarfonshire,Wales,53.291,-3.844
1321,Llandudno,Caernarfonshire,Wales,53.324,-3.828
1322,Holyhead,Isle of Anglesey,Wales,53.309,-4.633
1323,Valley,Isle of Anglesey,Wales,53.283,-4.56
1324,Amlwch,Isle of Anglesey,Wales,53.411,-4.346
1325,Llanerchymedd,Isle of Anglesey,Wales,53.331,-4.377
1326,Llangefni,Isle of Anglesey,Wales,53.256,-4.311
1327,Beaumaris,Isle of Anglesey,Wales,53.266,-4.092
1328,Menai Bridge,Isle of Anglesey,Wales,53.223,-4.166
1329,Llanfairpwllgwyngyll,Isle of Anglesey,Wales,53.225,-4.198
1330,Colwyn Bay,Denbighshire,Wales,53.3,-3.733
1331,Abergele,Denbighshire,Wales,53.284,-3.581
1332,Kinmel Bay,Denbighshire,Wales,53.311,-3.519
1333,Llanrwst,Denbighshire,Wales,53.137,-3.796
1334,Denbigh,Denbighshire,Wales,53.184,-3.425
1335,Ruthin,Denbighshire,Wales,53.115,-3.31
1336,Wrexham,Denbighshire,Wales,53.043,-2.992
1337,Rhosllannerchrugog,Denbighshire,Wales,53.013,-3.058
1338,Llangollen,Denbighshire,Wales,52.969,-3.172
1339,St Asaph,Flintshire,Wales,53.258,-3.442
1340,Rhyl,Flintshire,Wales,53.307,-3.367
1341,Prestatyn,Flintshire,Wales,53.337,-3.408
1342,Holywell,Flintshire,Wales,53.276,-3.225
1343,Bagillt,Flintshire,Wales,53.268,-3.174
1344,Flint,Flintshire,Wales,53.248,-3.136
1345,Connah's Quay,Flintshire,Wales,53.22,-3.059
1346,Shotton,Flintshire,Wales,53.212,-3.038
1347,Ewloe,Flintshire,Wales,53.188,-3.048
1348,Buckley,Flintshire,Wales,53.17,-3.081
1349,Mold,Flintshire,Wales,53.167,-3.142
1350,Penyffordd,Flintshire,Wales,53.149,-3.045
1351,Rhuddlan,Flintshire,Wales,53.292,-3.468
1352,Broughton,Flintshire,Wales,53.163,-2.997
1353,Overton,Flintshire,Wales,52.972,-2.935
1354,Duns,Berwickshire,Scotland,55.778,-2.343
1355,Eyemouth,Berwickshire,Scotland,55.869,-2.091
1356,Coldstream,Berwickshire,Scotland,55.651,-2.253
1357,Earlston,Berwickshire,Scotland,55.64,-2.678
1358,Melrose,Roxburghshire,Scotland,55.599,-2.722
1359,Kelso,Roxburghshire,Scotland,55.6,-2.432
1360,Jedburgh,Roxburghshire,Scotland,55.478,-2.555
1361,Hawick,Roxburghshire,Scotland,55.427,-2.781
1362,Roxburgh,Roxburghshire,Scotland,55.569,-2.476
1363,Selkirk,Selkirkshire,Scotland,55.551,-2.839
1364,Galashiels,Selkirkshire,Scotland,55.624,-2.814
1365,Peebles,Peebleshire,Scotland,55.653,-3.194
1366,Innerleithen,Peebleshire,Scotland,55.624,-3.065
1367,Cardrona,Peebleshire,Scotland,55.639,-3.109
1368,Dumfries,Dumfrieshire,Scotland,55.071,-3.605
1369,Gretna,Dumfrieshire,Scotland,54.995,-3.067
1370,Annan,Dumfrieshire,Scotland,54.99,-3.26
1371,Lockerbie,Dumfrieshire,Scotland,55.122,-3.349
1372,Thornhill,Dumfrieshire,Scotland,55.246,-3.769
1373,Langholm,Dumfrieshire,Scotland,55.153,-2.999
1374,Moffat,Dumfrieshire,Scotland,55.335,-3.44
1375,Sanquhar,Dumfrieshire,Scotland,55.368,-3.927
1376,Kirkcudbright,Kirkcudbright,Scotland,54.838,-4.049
1377,Castle Douglas,Kirkcudbright,Scotland,54.94,-3.931
1378,Dalbeattie,Kirkcudbright,Scotland,54.838,-4.049
1379,Stranraer,Wigtownshire,Scotland,54.905,-5.025
1380,Newton Stewart,Wigtownshire,Scotland,54.867,-4.444
1381,Wigtown,Wigtownshire,Scotland,54.867,-4.444
1382,Glenluce,Wigtownshire,Scotland,54.88,-4.809
1383,Girvan,Ayrshire,Scotland,55.24,-4.854
1384,Maybole,Ayrshire,Scotland,55.353,-4.679
1385,Dalmellington,Ayrshire,Scotland,55.324,-4.399
1386,New Cumnock,Ayrshire,Scotland,55.391,-4.187
1387,Cumnock,Ayrshire,Scotland,55.454,-4.266
1388,Alloway,Ayrshire,Scotland,55.428,-4.635
1389,Ayr,Ayrshire,Scotland,55.459,-4.629
1390,Prestwick,Ayrshire,Scotland,55.496,-4.614
1391,Mauchline,Ayrshire,Scotland,55.516,-4.378
1392,Galston,Ayrshire,Scotland,55.602,-4.383
1393,Newmalns,Ayrshire,Scotland,55.608,-4.338
1394,Darvel,Ayrshire,Scotland,55.61,-4.287
1395,Kilmarnock,Ayrshire,Scotland,55.615,-4.499
1396,Irvine,Ayrshire,Scotland,55.612,-4.67
1397,Kilwinning,Ayrshire,Scotland,55.656,-4.703
1398,Stewarton,Ayrshire,Scotland,55.68,-4.514
1399,Dalry,Ayrshire,Scotland,55.711,-4.723
1400,Kilbirnie,Ayrshire,Scotland,55.755,-4.686
1401,Beith,Ayrshire,Scotland,55.754,-4.632
1402,West Kilbride,Ayrshire,Scotland,55.695,-4.857
1403,Stevenston,Ayrshire,Scotland,55.642,-4.76
1404,Saltcoats,Ayrshire,Scotland,55.638,-4.783
1405,Ardrossan,Ayrshire,Scotland,55.644,-4.812
1406,Troon,Ayrshire,Scotland,55.541,-4.66
1407,Greenock,Renfrewshire,Scotland,55.956,-4.772
1408,Gourock,Renfrewshire,Scotland,55.959,-4.817
1409,Bishopton,Renfrewshire,Scotland,55.909,-4.505
1410,Erskine,Renfrewshire,Scotland,55.909,-4.462
1411,Renfrew,Renfrewshire,Scotland,55.875,-4.392
1412,Paisley,Renfrewshire,Scotland,55.847,-4.44
1413,Linwood,Renfrewshire,Scotland,55.848,-4.493
1414,Barrhead,Renfrewshire,Scotland,55.797,-4.398
1415,Neilston,Renfrewshire,Scotland,55.785,-4.425
1416,Newton Mearns,Renfrewshire,Scotland,55.771,-4.337
1417,Thornliebank,Renfrewshire,Scotland,55.805,-4.317
1418,Eaglesham,Renfrewshire,Scotland,55.739,-4.27
1419,Clarkston,Renfrewshire,Scotland,55.785,-4.276
1420,Johnstone,Renfrewshire,Scotland,55.837,-4.514
1421,Pollockshaws,Renfrewshire,Scotland,55.82,-4.299
1422,Boglestone,Renfrewshire,Scotland,55.925,-4.662
1423,Inverkip,Renfrewshire,Scotland,55.907,-4.87
1424,Biggar,Lanarkshire,Scotland,55.623,-3.524
1425,Lanark,Lanarkshire,Scotland,55.674,-3.782
1426,Kirkmuirhill,Lanarkshire,Scotland,55.669,-3.917
1427,Lesmahagow,Lanarkshire,Scotland,55.638,-3.887
1428,Strathaven,Lanarkshire,Scotland,55.676,-4.064
1429,Stonehouse,Lanarkshire,Scotland,55.699,-3.984
1430,Carluke,Lanarkshire,Scotland,55.735,-3.837
1431,Wishaw,Lanarkshire,Scotland,55.774,-3.919
1432,Larkhall,Lanarkshire,Scotland,55.738,-3.972
1433,Hamilton,Lanarkshire,Scotland,55.778,-4.054
1434,East Kilbride,Lanarkshire,Scotland,55.764,-4.177
1435,Blantyre,Lanarkshire,Scotland,55.794,-4.095
1436,Bothwell,Lanarkshire,Scotland,55.806,-4.073
1437,Cambuslang,Lanarkshire,Scotland,55.821,-4.165
1438,Rutherglen,Lanarkshire,Scotland,55.829,-4.224
1439,Uddingston,Lanarkshire,Scotland,55.816,-4.079
1440,Viewpark,Lanarkshire,Scotland,55.827,-4.058
1441,Bellshill,Lanarkshire,Scotland,55.817,-4.027
1442,Holytown,Lanarkshire,Scotland,55.82,-3.975
1443,New Stevenston,Lanarkshire,Scotland,55.812,-3.98
1444,Motherwell,Lanarkshire,Scotland,55.783,-3.981
1445,Newmains,Lanarkshire,Scotland,55.785,-3.875
1446,Shotts,Lanarkshire,Scotland,55.824,-3.806
1447,Chapelhall,Lanarkshire,Scotland,55.847,-3.945
1448,Glasgow,Lanarkshire,Scotland,55.674,-3.782
1449,Bishopbriggs,Lanarkshire,Scotland,55.904,-4.228
1450,Stepps,Lanarkshire,Scotland,55.892,-4.143
1451,Moodiesburn,Lanarkshire,Scotland,55.912,-4.093
1452,Gartcosh,Lanarkshire,Scotland,55.887,-4.085
1453,Coatbridge,Lanarkshire,Scotland,55.862,-4.019
1454,Airdrie,Lanarkshire,Scotland,55.866,-3.963
1455,Govan,Lanarkshire,Scotland,55.862,-4.313
1456,Finnieston,Lanarkshire,Scotland,55.864,-4.282
1457,Dunbar,East Lothian,Scotland,56.002,-2.517
1458,Haddington,East Lothian,Scotland,55.959,-2.775
1459,North Berwick,East Lothian,Scotland,56.058,-2.72
1460,Tranent,East Lothian,Scotland,55.945,-2.955
1461,Cockenzie,East Lothian,Scotland,55.969,-2.963
1462,Prestonpans,East Lothian,Scotland,55.96,-2.984
1463,Longniddry,East Lothian,Scotland,55.974,-2.897
1464,Edinburgh,Midlothian,Scotland,55.875,-3.105
1465,Musselburgh,Midlothian,Scotland,55.942,-3.054
1466,Dalkeith,Midlothian,Scotland,55.893,-3.067
1467,Mayfield,Midlothian,Scotland,55.872,-3.04
1468,Newtongrange,Midlothian,Scotland,55.866,-3.066
1469,Gorebridge,Midlothian,Scotland,55.837,-3.046
1470,Bonnyrigg,Midlothian,Scotland,55.875,-3.106
1471,Loanhead,Midlothian,Scotland,55.876,-3.149
1472,Penicuik,Midlothian,Scotland,55.831,-3.225
1473,Rosewell,Midlothian,Scotland,55.851,-3.136
1474,Balerno,Midlothian,Scotland,55.886,-3.342
1475,East Calder,Midlothian,Scotland,55.892,-3.468
1476,Livingstone,Midlothian,Scotland,55.901,-3.518
1477,Leith,Midlothian,Scotland,55.972,-3.17
1478,Musselburgh,Midlothian,Scotland,55.942,-3.054
1479,Cramond,Midlothian,Scotland,55.97,-3.307
1480,South Queensferry,West Lothian,Scotland,55.99,-3.399
1481,Kirkliston,West Lothian,Scotland,55.957,-3.401
1482,Broxburn,West Lothian,Scotland,55.934,-3.468
1483,Linlithgow,West Lothian,Scotland,55.972,-3.603
1484,Bo Ness,West Lothian,Scotland,56.013,-3.604
1485,Bathgate,West Lothian,Scotland,55.902,-3.643
1486,Blackburn,West Lothian,Scotland,55.874,-3.624
1487,Whitburn,West Lothian,Scotland,55.868,-3.683
1488,Armadale,West Lothian,Scotland,55.898,-3.702
1489,Helensburgh,Dumbartonshire,Scotland,56.002,-4.734
1490,Balloch,Dumbartonshire,Scotland,56.003,-4.58
1491,Alexandria,Dumbartonshire,Scotland,55.989,-4.579
1492,Bonhill,Dumbartonshire,Scotland,55.984,-4.571
1493,Dumbarton,Dumbartonshire,Scotland,55.945,-4.565
1494,Bearsden,Dumbartonshire,Scotland,55.922,-4.336
1495,Clydebank,Dumbartonshire,Scotland,55.9,-4.405
1496,Kirkintilloch,Dumbartonshire,Scotland,55.939,-4.156
1497,Lenzie,Dumbartonshire,Scotland,55.924,-4.156
1498,Cumbernauld,Dumbartonshire,Scotland,55.946,-3.993
1499,Drumchapel,Dumbartonshire,Scotland,55.902,-4.369
1500,Milngavie,Stirlingshire,Scotland,55.943,-4.317
1501,Lennoxtown,Stirlingshire,Scotland,55.974,-4.203
1502,Kilsyth,Stirlingshire,Scotland,55.98,-4.057
1503,Denny,Stirlingshire,Scotland,56.021,-3.907
1504,Bonnybridge,Stirlingshire,Scotland,56.003,-3.888
1505,Bannockburn,Stirlingshire,Scotland,56.092,-3.908
1506,Stirling,Stirlingshire,Scotland,56.117,-3.937
1507,Bridge of Allan,Stirlingshire,Scotland,56.153,-3.942
1508,Stenhousemuir,Stirlingshire,Scotland,56.027,-3.814
1509,Larbert,Stirlingshire,Scotland,56.02,-3.836
1510,Falkirk,Stirlingshire,Scotland,56.002,-3.784
1511,Polmont,Stirlingshire,Scotland,55.991,-3.707
1512,Strathblane,Stirlingshire,Scotland,55.985,-4.306
1513,Grangemouth,Stirlingshire,Scotland,56.01,-3.723
1514,Alva,Stirlingshire,Scotland,56.153,-3.799
1515,Tillicoultry,Clackmannanshire,Scotland,56.154,-3.74
1516,Dollar,Clackmannanshire,Scotland,56.164,-3.678
1517,Alloa,Clackmannanshire,Scotland,56.114,-3.792
1518,Clackmannan,Clackmannanshire,Scotland,56.108,-3.753
1519,Tullibody,Clackmannanshire,Scotland,56.133,-3.838
1520,Kinross,Kinrosshire,Scotland,56.206,-3.423
1521,Dunfermline,Fife,Scotland,56.072,-3.452
1522,Rosyth,Fife,Scotland,56.036,-3.423
1523,Inverkeithing,Fife,Scotland,56.03,-3.399
1524,North Queensferry,Fife,Scotland,56.01,-3.395
1525,Dalgety Bay,Fife,Scotland,56.035,-3.351
1526,Kelty,Fife,Scotland,56.133,-3.378
1527,Cowdenbeath,Fife,Scotland,56.114,-3.342
1528,Lochgelly,Fife,Scotland,56.13,-3.306
1529,Ballingry,Fife,Scotland,56.164,-3.328
1530,Cardenden,Fife,Scotland,56.145,-3.256
1531,Kirkcaldy,Fife,Scotland,56.117,-3.158
1532,Kinghorn,Fife,Scotland,56.071,-3.174
1533,Burntisland,Fife,Scotland,56.059,-3.234
1534,Glenrothes,Fife,Scotland,56.201,-3.16
1535,Markinch,Fife,Scotland,56.204,-3.132
1536,Ladybank,Fife,Scotland,56.281,-3.127
1537,Auchtermuchity,Fife,Scotland,56.292,-3.236
1538,Newburgh,Fife,Scotland,56.351,-3.241
1539,Cupar,Fife,Scotland,56.32,-3.01
1540,St Andrews,Fife,Scotland,56.34,-2.797
1541,Anstruther,Fife,Scotland,56.223,-2.701
1542,Leven,Fife,Scotland,56.196,-2.997
1543,Methil,Fife,Scotland,56.185,-3.016
1544,Buckhaven,Fife,Scotland,56.175,-3.031
1545,Newport on Tay,Fife,Scotland,56.44,-2.941
1546,Tayport,Fife,Scotland,56.448,-2.881
1547,Leuchars,Fife,Scotland,56.381,-2.882
1548,Pitlochry,Perthshire,Scotland,56.704,-3.73
1549,Aberfeldy,Perthshire,Scotland,56.622,-3.867
1550,Callander,Perthshire,Scotland,56.245,-4.212
1551,Dunblane,Perthshire,Scotland,56.184,-3.967
1552,Crieff,Perthshire,Scotland,56.377,-3.842
1553,Auchterarder,Perthshire,Scotland,56.301,-3.7
1554,Bridge of Earn,Perthshire,Scotland,56.349,-3.408
1555,Perth,Perthshire,Scotland,56.395,-3.431
1556,Scone,Perthshire,Scotland,56.419,-3.402
1557,Dunkeld,Perthshire,Scotland,56.568,-3.586
1558,Blairgowrie,Perthshire,Scotland,56.589,-3.338
1559,Rattray,Perthshire,Scotland,57.597,-1.858
1560,Coupal Angus,Perthshire,Scotland,56.548,-3.266
1561,Alyth,Perthshire,Scotland,56.626,-3.227
1562,Dundee,Angus,Scotland,56.462,-2.971
1563,Monifieth,Angus,Scotland,56.48,-2.819
1564,Carnoustie,Angus,Scotland,56.503,-2.703
1565,Arbroath,Angus,Scotland,56.559,-2.592
1566,Montrose,Angus,Scotland,56.707,-2.466
1567,Brechin,Angus,Scotland,56.733,-2.655
1568,Kirriemuir,Angus,Scotland,56.675,-3.004
1569,Forfar,Angus,Scotland,56.644,-2.889
1570,Laurencekirk,Kincardineshire,Scotland,56.831,-2.473
1571,Inverbervie,Kincardineshire,Scotland,56.845,-2.28
1572,Stonehaven,Kincardineshire,Scotland,56.964,-2.209
1573,Banchory,Kincardineshire,Scotland,57.054,-2.491
1574,Portlethen,Kincardineshire,Scotland,57.062,-2.129
1575,Rothesay,Buteshire,Scotland,55.836,-5.056
1576,Millp,Buteshire,Scotland,55.949,-3.192
1577,Brodick,Buteshire,Scotland,55.575,-5.145
1578,Cambeltown,Argyllshire,Scotland,55.424,-5.605
1579,Lochgilphead,Argyllshire,Scotland,56.038,-5.432
1580,Dunoon,Argyllshire,Scotland,55.951,-4.926
1581,Inveraray,Argyllshire,Scotland,56.232,-5.075
1582,Bowmore,Argyllshire,Scotland,55.756,-6.287
1583,Port Ellen,Argyllshire,Scotland,55.63,-6.187
1584,Scalasaig,Argyllshire,Scotland,56.068,-6.188
1585,Oban,Argyllshire,Scotland,56.415,-5.471
1586,Connel,Argyllshire,Scotland,56.454,-5.39
1587,Achlonan,Argyllshire,Scotland,56.429,-5.238
1588,Fionnphort,Argyllshire,Scotland,56.325,-6.37
1589,Tobermory,Argyllshire,Scotland,56.623,-6.072
1590,Lochaline,Argyllshire,Scotland,56.535,-5.777
1591,Lochyside,Argyllshire,Scotland,56.836,-5.104
1592,Aberdeen,Aberdeenshire,Scotland,57.15,-2.094
1593,Westhill,Aberdeenshire,Scotland,57.156,-2.277
1594,Dyce,Aberdeenshire,Scotland,57.204,-2.19
1595,Kintore,Aberdeenshire,Scotland,57.233,-2.346
1596,Inverurie,Aberdeenshire,Scotland,57.283,-2.374
1597,Ballater,Aberdeenshire,Scotland,57.05,-3.037
1598,Aboyne,Aberdeenshire,Scotland,57.077,-2.78
1599,Huntly,Aberdeenshire,Scotland,57.446,-2.788
1600,Ellon,Aberdeenshire,Scotland,57.365,-2.073
1601,Turriff,Aberdeenshire,Scotland,57.539,-2.462
1602,Fraserburgh,Aberdeenshire,Scotland,57.693,-2.008
1603,Peterhead,Aberdeenshire,Scotland,57.508,-1.784
1604,Banff,Banffshire,Scotland,57.667,-2.524
1605,Macduff,Banffshire,Scotland,57.671,-2.498
1606,Cullen,Banffshire,Scotland,57.692,-2.822
1607,Buckie,Banffshire,Scotland,57.677,-2.967
1608,Keith,Banffshire,Scotland,57.543,-2.952
1609,Dufftown,Banffshire,Scotland,57.444,-3.128
1610,Elgin,Morayshire,Scotland,57.649,-3.318
1611,Lossiemouth,Morayshire,Scotland,57.722,-3.28
1612,Forres,Morayshire,Scotland,57.61,-3.62
1613,Aviemore,Morayshire,Scotland,57.194,-3.83
1614,Carrbridge,Morayshire,Scotland,57.282,-3.812
1615,Nairn,Nairnshire,Scotland,57.586,-3.868
1616,Inverness,Invernesshire,Scotland,57.478,-4.225
1617,Kingussie,Invernesshire,Scotland,57.081,-4.054
1618,Fort William,Invernesshire,Scotland,56.82,-5.105
1619,Morar,Invernesshire,Scotland,56.97,-5.823
1620,Mallaig,Invernesshire,Scotland,57.004,-5.827
1621,Drumnadrocht,Invernesshire,Scotland,57.334,-4.479
1622,Portree,Invernesshire,Scotland,57.411,-6.19
1623,Baile a Mhanaich,Invernesshire,Scotland,57.472,-7.374
1624,Leverburgh,Invernesshire,Scotland,57.76,-7.019
1625,Tarbet,Invernesshire,Scotland,56.204,-4.713
1626,Stornaway,Rosshire,Scotland,58.209,-6.385
1627,Tolsta,Rosshire,Scotland,58.346,-6.211
1628,Port of Ness,Rosshire,Scotland,58.493,-6.226
1629,Barvas,Rosshire,Scotland,58.358,-6.513
1630,Strathcarron,Rosshire,Scotland,57.424,-5.428
1631,Muir of Ord,Rosshire,Scotland,57.518,-4.461
1632,Dingwall,Rosshire,Scotland,57.595,-4.428
1633,Fortrose,Rosshire,Scotland,57.582,-4.131
1634,Alness,Rosshire,Scotland,57.696,-4.257
1635,Invergordon,Rosshire,Scotland,57.688,-4.173
1636,Tain,Rosshire,Scotland,57.812,-4.055
1637,Ullapool,Cromartyshire,Scotland,57.895,-5.161
1638,Cromarty,Cromartyshire,Scotland,57.681,-4.035
1639,Lairg,Sutherland,Scotland,58.022,-4.402
1640,Golspie,Sutherland,Scotland,57.973,-3.976
1641,Bonar Bridge,Sutherland,Scotland,57.892,-4.346
1642,Lochinver,Sutherland,Scotland,58.146,-5.243
1643,Brora,Sutherland,Scotland,58.012,-3.853
1644,Helmsdale,Sutherland,Scotland,58.117,-3.654
1645,Wick,Caithness,Scotland,58.439,-3.094
1646,John o Groats,Caithness,Scotland,58.643,-3.07
1647,Thurso,Caithness,Scotland,58.594,-3.522
1648,Halkirk,Caithness,Scotland,58.514,-3.492
1649,Dunbeath,Caithness,Scotland,58.251,-3.433
1650,Kirkwall,Orkney,Scotland,58.985,-2.962
1651,Stromness,Orkney,Scotland,58.966,-3.296
1652,Finstown,Orkney,Scotland,59.008,-3.121
1653,Dounby,Orkney,Scotland,59.068,-3.228
1654,Lerwick,Shetland,Scotland,60.153,-1.149
1655,Dunrossness,Shetland,Scotland,59.921,-1.296
1656,Brae,Shetland,Scotland,60.397,-1.354
1657,Baltasound,Shetland,Scotland,60.758,-0.859
1658,Belfast,County Antrim,Ireland,54.72,-6.207
1659,Newtownabbey,County Antrim,Ireland,54.72,-6.207
1660,Ballyclare,County Antrim,Ireland,54.753,-6.002
1661,Antrim,County Antrim,Ireland,54.72,-6.207
1662,Lisburn,County Antrim,Ireland,54.516,-6.058
1663,Carrickfergus,County Antrim,Ireland,54.726,-5.81
1664,Whitehead,County Antrim,Ireland,54.758,-5.712
1665,Larne,County Antrim,Ireland,54.858,-5.824
1666,Randalstown,County Antrim,Ireland,54.75,-6.32
1667,Ballymena,County Antrim,Ireland,54.865,-6.28
1668,Ballycastle,County Antrim,Ireland,55.205,-6.253
1669,Ballymoney,County Antrim,Ireland,55.07,-6.517
1670,Portrush,County Antrim,Ireland,55.204,-6.653
1671,Dundonald,County Down,Ireland,54.593,-5.795
1672,Hollywood,County Down,Ireland,54.634,-5.846
1673,Bangor,County Down,Ireland,54.654,-5.673
1674,Donaghadee,County Down,Ireland,54.643,-5.538
1675,Newtownards,County Down,Ireland,54.473,-5.675
1676,Comber,County Down,Ireland,54.55,-5.746
1677,Carryduff,County Down,Ireland,54.515,-5.89
1678,Saintfield,County Down,Ireland,54.46,-5.836
1679,Ballynahinch,County Down,Ireland,54.403,-5.897
1680,Dromere,County Down,Ireland,54.414,-6.149
1681,Downpatrick,County Down,Ireland,54.329,-5.716
1682,Banbridge,County Down,Ireland,54.349,-6.27
1683,Newcastle,County Down,Ireland,54.216,-5.892
1684,Kilkeel,County Down,Ireland,54.063,-6.007
1685,Waringstown,County Down,Ireland,54.435,-6.3
1686,Armagh,County Armagh,Ireland,54.35,-6.653
1687,Portadown,County Armagh,Ireland,54.42,-6.455
1688,Craigavon,County Armagh,Ireland,54.443,-6.418
1689,Lurgan,County Armagh,Ireland,54.464,-6.335
1690,Newry,County Armagh,Ireland,54.175,-6.34
1691,Magherafelt,County Londonderry,Ireland,54.755,-6.608
1692,Maghera,County Londonderry,Ireland,54.845,-6.673
1693,Coleraine,County Londonderry,Ireland,55.133,-6.665
1694,Limavady,County Londonderry,Ireland,55.045,-6.934
1695,Londonderry,County Londonderry,Ireland,54.997,-7.309
1696,Dungiven,County Londonderry,Ireland,55.02,-7.335
1697,Portstewart,County Londonderry,Ireland,55.187,-6.717
1698,Moneymore,County Londonderry,Ireland,54.692,-6.67
1699,Ballyronan,County Londonderry,Ireland,54.708,-6.532
1700,Coalisland,County Tyrone,Ireland,54.54,-6.702
1701,Cookstown,County Tyrone,Ireland,54.642,-6.744
1702,Dungannon,County Tyrone,Ireland,54.508,-6.767
1703,Omagh,County Tyrone,Ireland,54.598,-7.31
1704,Strabane,County Tyrone,Ireland,54.827,-7.463
1705,Enniskillen,County Fermanagh,Ireland,54.344,-7.632
1706,Irvinestown,County Fermanagh,Ireland,54.471,-7.634
1707,Lisnaskea,County Fermanagh,Ireland,54.253,-7.443
1708,Bundoran,County Donegal,Ireland,54.479,-8.278
1709,Ballyshannon,County Donegal,Ireland,54.503,-8.192
1710,Donegal,County Donegal,Ireland,54.655,-8.104
1711,Killybegs,County Donegal,Ireland,54.635,-8.455
1712,Ardara,County Donegal,Ireland,54.767,-8.409
1713,Ballybofey,County Donegal,Ireland,54.797,-7.788
1714,Stranorlar,County Donegal,Ireland,54.802,-7.771
1715,Castlefin,County Donegal,Ireland,54.803,-7.59
1716,Lifford,County Donegal,Ireland,54.833,-7.486
1717,Letterkenny,County Donegal,Ireland,54.956,-7.734
1718,Dungloe,County Donegal,Ireland,54.95,-8.357
1719,Falcarragh,County Donegal,Ireland,55.136,-8.104
1720,Dunfanaghy,County Donegal,Ireland,55.183,-7.969
1721,Milford,County Donegal,Ireland,55.088,-7.699
1722,Ramelton,County Donegal,Ireland,55.036,-7.648
1723,Buncrana,County Donegal,Ireland,55.137,-7.456
1724,Raphoe,County Donegal,Ireland,54.874,-7.599
1725,Carndonagh,County Donegal,Ireland,55.251,-7.267
1726,Moville,County Donegal,Ireland,55.189,-7.04
1727,Monaghan,County Monaghan,Ireland,54.249,-6.968
1728,Clones,County Monaghan,Ireland,54.18,-7.231
1729,Ballybay,County Monaghan,Ireland,54.129,-6.903
1730,Castleblayney,County Monaghan,Ireland,54.121,-6.74
1731,Carrickmacross,County Monaghan,Ireland,53.978,-6.719
1732,Kingscourt,County Cavan,Ireland,53.907,-6.805
1733,Bailieborough,County Cavan,Ireland,53.916,-6.969
1734,Ballyjamesduff,County Cavan,Ireland,53.864,-7.206
1735,Virginia,County Cavan,Ireland,53.834,-7.081
1736,Cavan,County Cavan,Ireland,53.977,-7.3
1737,Belturbet,County Cavan,Ireland,54.102,-7.45
1738,Shercock,County Cavan,Ireland,53.995,-6.898
1739,Cootehill,County Cavan,Ireland,54.073,-7.082
1740,Ballyconnell,County Cavan,Ireland,54.116,-7.584
1741,Carlingford,County Louth,Ireland,54.047,-6.19
1742,Greenore,County Louth,Ireland,54.032,-6.131
1743,Dundalk,County Louth,Ireland,53.998,-6.406
1744,Dunleer,County Louth,Ireland,53.831,-6.394
1745,Ardee,County Louth,Ireland,53.858,-6.54
1746,Drogheda,County Louth,Ireland,53.718,-6.356
1747,Trim,County Meath,Ireland,53.552,-6.787
1748,Navan,County Meath,Ireland,53.647,-6.697
1749,Kells,County Meath,Ireland,53.727,-6.877
1750,Oldcastle,County Meath,Ireland,53.77,-7.162
1751,Athboy,County Meath,Ireland,53.624,-6.916
1752,Dunshaughlin,County Meath,Ireland,53.514,-6.54
1753,Ratoath,County Meath,Ireland,53.506,-6.466
1754,Ashbourne,County Meath,Ireland,53.511,-6.397
1755,Dunboyne,County Meath,Ireland,53.419,-6.476
1756,Enfield,County Meath,Ireland,53.414,-6.83
1757,Bettystown,County Meath,Ireland,53.698,-6.246
1758,Mullingar,County Westmeath,Ireland,53.526,-7.338
1759,Kilbeggan,County Westmeath,Ireland,53.368,-7.499
1760,Moate,County Westmeath,Ireland,53.395,-7.719
1761,Athlone,County Westmeath,Ireland,53.424,-7.941
1762,Kinnegad,County Westmeath,Ireland,53.457,-7.105
1763,Castlepollard,County Westmeath,Ireland,53.68,-7.296
1764,Delvin,County Westmeath,Ireland,53.613,-7.092
1765,Edenderry,King's County,Ireland,53.343,-7.051
1766,Tullamore,King's County,Ireland,53.276,-7.493
1767,Killcormac,King's County,Ireland,53.176,-7.727
1768,Ferbane,King's County,Ireland,53.272,-7.828
1769,Cloghan,King's County,Ireland,53.225,-7.883
1770,Clara,King's County,Ireland,53.343,-7.613
1771,Birr,King's County,Ireland,53.098,-7.91
1772,Banagher,King's County,Ireland,53.19,-7.986
1773,Portarlington,Queen's County,Ireland,53.161,-7.188
1774,Mountmerrick,Queen's County,Ireland,53.118,-7.327
1775,Mountrath,Queen's County,Ireland,53.003,-7.475
1776,Port Laoise,Queen's County,Ireland,53.033,-7.299
1777,Stradbally,Queen's County,Ireland,53.016,-7.149
1778,Abbeyleix,Queen's County,Ireland,52.915,-7.348
1779,Rathdowney,Queen's County,Ireland,52.856,-7.587
1780,Kilcock,County Kildare,Ireland,53.399,-6.668
1781,Maynooth,County Kildare,Ireland,53.381,-6.592
1782,Celbridge,County Kildare,Ireland,53.34,-6.538
1783,Clane,County Kildare,Ireland,53.294,-6.687
1784,Prosperous,County Kildare,Ireland,53.288,-6.755
1785,Sallins,County Kildare,Ireland,53.251,-6.665
1786,Naas,County Kildare,Ireland,53.221,-6.659
1787,Newbridge,County Kildare,Ireland,53.175,-6.805
1788,Kildare,County Kildare,Ireland,53.159,-6.91
1789,Monasterevin,County Kildare,Ireland,53.14,-7.06
1790,Kilcullen,County Kildare,Ireland,53.13,-6.745
1791,Castledermot,County Kildare,Ireland,52.912,-6.838
1792,Athy,County Kildare,Ireland,52.992,-6.986
1793,Leixlip,County Kildare,Ireland,53.364,-6.49
1794,Balbriggan,County Dublin,Ireland,53.608,-6.182
1795,Swords,County Dublin,Ireland,53.456,-6.22
1796,Lusk,County Dublin,Ireland,53.526,-6.166
1797,Rush,County Dublin,Ireland,53.526,-6.091
1798,Donabate,County Dublin,Ireland,53.485,-6.15
1799,Malahide,County Dublin,Ireland,53.451,-6.15
1800,Howth,County Dublin,Ireland,53.379,-6.057
1801,Dublin,County Dublin,Ireland,53.35,-6.26
1802,Blanchardtown,County Dublin,Ireland,53.384,-6.376
1803,Lucan,County Dublin,Ireland,53.357,-6.45
1804,Clondalkin,County Dublin,Ireland,53.32,-6.395
1805,Tallaght,County Dublin,Ireland,53.285,-6.366
1806,Dundrum,County Dublin,Ireland,53.293,-6.246
1807,Dunleary,County Dublin,Ireland,53.294,-6.134
1808,Ballymore Eustace,County Dublin,Ireland,53.133,-6.615
1809,Bray,County Wicklow,Ireland,53.201,-6.111
1810,Greystones,County Wicklow,Ireland,53.149,-6.079
1811,Blessington,County Wicklow,Ireland,53.17,-6.534
1812,Baltinglass,County Wicklow,Ireland,52.941,-6.711
1813,Rathdrum,County Wicklow,Ireland,52.932,-6.231
1814,Wicklow,County Wicklow,Ireland,52.981,-6.045
1815,Aughrim,County Wicklow,Ireland,52.856,-6.326
1816,Arklow,County Wicklow,Ireland,52.798,-6.16
1817,Tinahely,County Wicklow,Ireland,52.8,-6.463
1818,Carlow,County Carlow,Ireland,52.837,-6.934
1819,Tullow,County Carlow,Ireland,52.803,-6.737
1820,Bagenalstown,County Carlow,Ireland,52.703,-6.956
1821,Gorey,County Wexford,Ireland,52.676,-6.294
1822,Bunclody,County Wexford,Ireland,52.655,-6.652
1823,Enniscorthy,County Wexford,Ireland,52.507,-6.582
1824,Riverchapel,County Wexford,Ireland,52.638,-6.234
1825,Wexford,County Wexford,Ireland,52.337,-6.463
1826,New Ross,County Wexford,Ireland,52.396,-6.947
1827,Rosslare,County Wexford,Ireland,52.272,-6.389
1828,Castlecomer,County Kilkenny,Ireland,52.805,-7.21
1829,Kilkenny,County Kilkenny,Ireland,52.654,-7.245
1830,Urlingford,County Kilkenny,Ireland,52.72,-7.584
1831,Durrow,County Kilkenny,Ireland,52.845,-7.397
1832,Callan,County Kilkenny,Ireland,52.545,-7.392
1833,Thomastown,County Kilkenny,Ireland,52.527,-7.139
1834,Mullinavat,County Kilkenny,Ireland,52.369,-7.171
1835,Mooncoin,County Kilkenny,Ireland,52.295,-7.257
1836,Waterford,County Waterford,Ireland,52.259,-7.11
1837,Tramore,County Waterford,Ireland,52.161,-7.149
1838,Portlaw,County Waterford,Ireland,52.288,-7.314
1839,Kilmacthomas,County Waterford,Ireland,52.205,-7.427
1840,Dungarvan,County Waterford,Ireland,52.094,-7.62
1841,Cappoquin,County Waterford,Ireland,52.146,-7.843
1842,Lismore,County Waterford,Ireland,52.136,-7.938
1843,Tallow,County Waterford,Ireland,52.092,-8.007
1844,Clonmel,County Tipperary,Ireland,52.356,-7.69
1845,Tipperary,County Tipperary,Ireland,52.474,-8.162
1846,Cashel,County Tipperary,Ireland,52.516,-7.892
1847,Thurles,County Tipperary,Ireland,52.68,-7.804
1848,Killenaule,County Tipperary,Ireland,52.538,-7.77
1849,Fethard,County Tipperary,Ireland,52.466,-7.693
1850,Templemore,County Tipperary,Ireland,52.795,-7.84
1851,Nenagh,County Tipperary,Ireland,52.864,-8.198
1852,Cloughjordan,County Tipperary,Ireland,52.943,-8.038
1853,Roscrea,County Tipperary,Ireland,52.955,-7.798
1854,Borrisokane,County Tipperary,Ireland,52.996,-8.127
1855,Ballina,County Tipperary,Ireland,52.807,-8.431
1856,Cork,County Cork,Ireland,51.899,-8.476
1857,Carrigaline,County Cork,Ireland,51.818,-8.391
1858,Ballincollig,County Cork,Ireland,51.888,-8.595
1859,Blarney,County Cork,Ireland,51.934,-8.561
1860,Glanmire,County Cork,Ireland,51.918,-8.398
1861,Carrigtwohill,County Cork,Ireland,51.909,-8.259
1862,Midleton,County Cork,Ireland,51.914,-8.173
1863,Cloyne,County Cork,Ireland,51.863,-8.121
1864,Watergrasshill,County Cork,Ireland,52.011,-8.344
1865,Kinsale,County Cork,Ireland,51.706,-8.522
1866,Cobh,County Cork,Ireland,51.85,-8.294
1867,Kanturk,County Cork,Ireland,52.177,-8.905
1868,Newmarket,County Cork,Ireland,52.214,-9.003
1869,Ballydesmond,County Cork,Ireland,52.18,-9.234
1870,Banteer,County Cork,Ireland,52.129,-8.894
1871,Mallow,County Cork,Ireland,52.139,-8.654
1872,Buttevant,County Cork,Ireland,52.232,-8.67
1873,Charleville,County Cork,Ireland,52.355,-8.683
1874,Mitchelstown,County Cork,Ireland,52.266,-8.27
1875,Fermoy,County Cork,Ireland,52.137,-8.281
1876,Milstreet,County Cork,Ireland,52.06,-9.065
1877,Macroom,County Cork,Ireland,51.905,-8.959
1878,Bandon,County Cork,Ireland,51.747,-8.725
1879,Dunmanway,County Cork,Ireland,51.722,-9.112
1880,Clonakilty,County Cork,Ireland,51.62,-8.906
1881,Skibbereen,County Cork,Ireland,51.556,-9.262
1882,Bantry,County Cork,Ireland,51.68,-9.453
1883,Castletownbere,County Cork,Ireland,51.651,-9.91
1884,Waterville,County Kerry,Ireland,51.829,-10.175
1885,Cahersiveen,County Kerry,Ireland,51.948,-10.221
1886,Kenmare,County Kerry,Ireland,51.88,-9.584
1887,Killarney,County Kerry,Ireland,52.06,-9.504
1888,Killorglin,County Kerry,Ireland,52.106,-9.784
1889,Dingle,County Kerry,Ireland,52.141,-10.264
1890,Tralee,County Kerry,Ireland,52.271,-9.7
1891,Milltown,County Kerry,Ireland,52.145,-9.718
1892,Castlemaine,County Kerry,Ireland,52.168,-9.701
1893,Castleisland,County Kerry,Ireland,52.233,-9.46
1894,Listowel,County Kerry,Ireland,52.446,-9.485
1895,Abbeyfeale,County Limerick,Ireland,52.386,-9.297
1896,Newcastle West,County Limerick,Ireland,52.449,-9.055
1897,Foynes,County Limerick,Ireland,52.611,-9.105
1898,Askeaton,County Limerick,Ireland,52.601,-8.972
1899,Rathkeale,County Limerick,Ireland,52.524,-8.937
1900,Croom,County Limerick,Ireland,52.519,-8.718
1901,Kilmallock,County Limerick,Ireland,52.399,-8.571
1902,Limerick,County Limerick,Ireland,52.664,-8.627
1903,Annacotty,County Limerick,Ireland,52.668,-8.538
1904,Dooradoyle,County Limerick,Ireland,52.639,-8.653
1905,Adare,County Limerick,Ireland,52.564,-8.793
1906,Kilkee,County Clare,Ireland,52.683,-9.644
1907,Kilrush,County Clare,Ireland,52.641,-9.486
1908,Enniscorthy,County Clare,Ireland,52.905,-8.981
1909,Newmarket on Fergus,County Clare,Ireland,52.761,-8.899
1910,Shannon,County Clare,Ireland,52.712,-8.873
1911,Ennistymon,County Clare,Ireland,52.94,-9.293
1912,Lisdoonvarna,County Clare,Ireland,53.03,-9.29
1913,Gort,County Galway,Ireland,53.067,-8.819
1914,Loughrea,County Galway,Ireland,53.199,-8.566
1915,Ballinasloe,County Galway,Ireland,53.329,-8.227
1916,Athenry,County Galway,Ireland,53.301,-8.745
1917,Oranmore,County Galway,Ireland,53.265,-8.93
1918,Galway,County Galway,Ireland,53.356,-8.853
1919,Tuam,County Galway,Ireland,53.514,-8.857
1920,Headford,County Galway,Ireland,53.469,-9.106
1921,Mountbellew,County Galway,Ireland,53.472,-8.505
1922,Oughterard,County Galway,Ireland,53.429,-9.319
1923,Clifden,County Galway,Ireland,53.489,-10.02
1924,Louisburgh,County Mayo,Ireland,53.763,-9.809
1925,Westport,County Mayo,Ireland,53.802,-9.514
1926,Castlebar,County Mayo,Ireland,53.855,-9.288
1927,Kiltimagh,County Mayo,Ireland,53.849,-8.999
1928,Knock,County Mayo,Ireland,53.79,-8.921
1929,Claremorris,County Mayo,Ireland,53.724,-9.002
1930,Ballyhaunis,County Mayo,Ireland,53.763,-8.765
1931,Ballinrobe,County Mayo,Ireland,53.624,-9.221
1932,Ballaghaderreen,County Mayo,Ireland,53.902,-8.579
1933,Swinford,County Mayo,Ireland,53.944,-8.95
1934,Foxford,County Mayo,Ireland,53.981,-9.113
1935,Newport,County Mayo,Ireland,53.885,-9.546
1936,Ballina,County Mayo,Ireland,54.115,-9.155
1937,Crossmolina,County Mayo,Ireland,54.1,-9.316
1938,Belmullet,County Mayo,Ireland,54.224,-9.988
1939,Collooney,County Sligo,Ireland,54.18,-8.499
1940,Sligo,County Sligo,Ireland,54.277,-8.476
1941,Enniscrone,County Sligo,Ireland,54.214,-9.091
1942,Tobercurry,County Sligo,Ireland,54.055,-8.73
1943,Ballymote,County Sligo,Ireland,54.09,-8.517
1944,Manorhamilton,County Leitrim,Ireland,54.305,-8.177
1945,Carrick on Shannon,County Leitrim,Ireland,53.945,-8.086
1946,Mohill,County Leitrim,Ireland,53.922,-7.865
1947,Drumshanbo,County Leitrim,Ireland,54.049,-8.036
1948,Ballinamore,County Leitrim,Ireland,54.052,-7.803
1949,Leitrim,County Leitrim,Ireland,53.99,-8.065
1950,Longford,County Longford,Ireland,53.727,-7.793
1951,Edgeworthstown,County Longford,Ireland,53.696,-7.608
1952,Granard,County Longford,Ireland,53.777,-7.501
1953,Newtonforbes,County Longford,Ireland,53.765,-7.836
1954,Ballymahon,County Longford,Ireland,53.564,-7.765
1955,Lanesborough,County Longford,Ireland,53.671,-7.987
1956,Roscommon,County Roscommon,Ireland,53.634,-8.182
1957,Castlerea,County Roscommon,Ireland,53.769,-8.492
1958,Strokestown,County Roscommon,Ireland,53.776,-8.104
1959,Elphin,County Roscommon,Ireland,53.852,-8.198
1960,Boyle,County Roscommon,Ireland,53.972,-8.297
1961,Castletown,Isle of Man,Mann,54.075,-4.655
1962,Douglas,Isle of Man,Mann,54.152,-4.486
1963,Ramsey,Isle of Man,Mann,54.324,-4.392
1964,Port Erin,Isle of Man,Mann,54.085,-4.754
1965,Ballasalla,Isle of Man,Mann,54.099,-4.631
1966,Peel,Isle of Man,Mann,54.223,-4.696
1967,Port St Mary,Isle of Man,Mann,54.076,-4.739
1968,St Brelade,Jersey,Channel Islands,49.188,-2.185
1969,St Helier,Jersey,Channel Islands,49.181,-2.103
1970,St Saviour,Jersey,Channel Islands,49.189,-2.083
1971,St Peter Port,Guernsey,Channel Islands,49.454,-2.55
1972,St Anne,Guernsey,Channel Islands,49.713,-2.207
1973,The Bridge,Guernsey,Channel Islands,49.483,-2.52
1974,Sark,Guernsey,Channel Islands,49.43,-2.367